image_path,mask_path
Processed_Dataset/segmentation/images\ISIC_0002206.jpg,Processed_Dataset/segmentation/masks\ISIC_0002206_segmentation.png
Processed_Dataset/segmentation/images\ISIC_0012395.jpg,Processed_Dataset/segmentation/masks\ISIC_0012395_segmentation.png
Processed_Dataset/segmentation/images\ISIC_0009923.jpg,Processed_Dataset/segmentation/masks\ISIC_0009923_segmentation.png
Processed_Dataset/segmentation/images\ISIC_0011218.jpg,Processed_Dataset/segmentation/masks\ISIC_0011218_segmentation.png
Processed_Dataset/segmentation/images\ISIC_0009991.jpg,Processed_Dataset/segmentation/masks\ISIC_0009991_segmentation.png
Processed_Dataset/segmentation/images\ISIC_0012086.jpg,Processed_Dataset/segmentation/masks\ISIC_0012086_segmentation.png
Processed_Dataset/segmentation/images\ISIC_0010350.jpg,Processed_Dataset/segmentation/masks\ISIC_0010350_segmentation.png
Processed_Dataset/segmentation/images\ISIC_0000544.jpg,Processed_Dataset/segmentation/masks\ISIC_0000544_segmentation.png
Processed_Dataset/segmentation/images\ISIC_0007322.jpg,Processed_Dataset/segmentation/masks\ISIC_0007322_segmentation.png
Processed_Dataset/segmentation/images\ISIC_0010370.jpg,Processed_Dataset/segmentation/masks\ISIC_0010370_segmentation.png
Processed_Dataset/segmentation/images\ISIC_0005620.jpg,Processed_Dataset/segmentation/masks\ISIC_0005620_segmentation.png
Processed_Dataset/segmentation/images\ISIC_0010237.jpg,Processed_Dataset/segmentation/masks\ISIC_0010237_segmentation.png
Processed_Dataset/segmentation/images\ISIC_0006795.jpg,Processed_Dataset/segmentation/masks\ISIC_0006795_segmentation.png
Processed_Dataset/segmentation/images\ISIC_0009951.jpg,Processed_Dataset/segmentation/masks\ISIC_0009951_segmentation.png
Processed_Dataset/segmentation/images\ISIC_0000376.jpg,Processed_Dataset/segmentation/masks\ISIC_0000376_segmentation.png
Processed_Dataset/segmentation/images\ISIC_0010318.jpg,Processed_Dataset/segmentation/masks\ISIC_0010318_segmentation.png
Processed_Dataset/segmentation/images\ISIC_0010554.jpg,Processed_Dataset/segmentation/masks\ISIC_0010554_segmentation.png
Processed_Dataset/segmentation/images\ISIC_0012201.jpg,Processed_Dataset/segmentation/masks\ISIC_0012201_segmentation.png
Processed_Dataset/segmentation/images\ISIC_0010856.jpg,Processed_Dataset/segmentation/masks\ISIC_0010856_segmentation.png
Processed_Dataset/segmentation/images\ISIC_0006193.jpg,Processed_Dataset/segmentation/masks\ISIC_0006193_segmentation.png
Processed_Dataset/segmentation/images\ISIC_0000043.jpg,Processed_Dataset/segmentation/masks\ISIC_0000043_segmentation.png
Processed_Dataset/segmentation/images\ISIC_0000034.jpg,Processed_Dataset/segmentation/masks\ISIC_0000034_segmentation.png
Processed_Dataset/segmentation/images\ISIC_0000271.jpg,Processed_Dataset/segmentation/masks\ISIC_0000271_segmentation.png
Processed_Dataset/segmentation/images\ISIC_0010465.jpg,Processed_Dataset/segmentation/masks\ISIC_0010465_segmentation.png
Processed_Dataset/segmentation/images\ISIC_0010368.jpg,Processed_Dataset/segmentation/masks\ISIC_0010368_segmentation.png
Processed_Dataset/segmentation/images\ISIC_0000150.jpg,Processed_Dataset/segmentation/masks\ISIC_0000150_segmentation.png
Processed_Dataset/segmentation/images\ISIC_0000360.jpg,Processed_Dataset/segmentation/masks\ISIC_0000360_segmentation.png
Processed_Dataset/segmentation/images\ISIC_0011214.jpg,Processed_Dataset/segmentation/masks\ISIC_0011214_segmentation.png
Processed_Dataset/segmentation/images\ISIC_0011361.jpg,Processed_Dataset/segmentation/masks\ISIC_0011361_segmentation.png
Processed_Dataset/segmentation/images\ISIC_0000521.jpg,Processed_Dataset/segmentation/masks\ISIC_0000521_segmentation.png
Processed_Dataset/segmentation/images\ISIC_0011385.jpg,Processed_Dataset/segmentation/masks\ISIC_0011385_segmentation.png
Processed_Dataset/segmentation/images\ISIC_0012435.jpg,Processed_Dataset/segmentation/masks\ISIC_0012435_segmentation.png
Processed_Dataset/segmentation/images\ISIC_0010002.jpg,Processed_Dataset/segmentation/masks\ISIC_0010002_segmentation.png
Processed_Dataset/segmentation/images\ISIC_0000004.jpg,Processed_Dataset/segmentation/masks\ISIC_0000004_segmentation.png
Processed_Dataset/segmentation/images\ISIC_0000123.jpg,Processed_Dataset/segmentation/masks\ISIC_0000123_segmentation.png
Processed_Dataset/segmentation/images\ISIC_0012259.jpg,Processed_Dataset/segmentation/masks\ISIC_0012259_segmentation.png
Processed_Dataset/segmentation/images\ISIC_0012453.jpg,Processed_Dataset/segmentation/masks\ISIC_0012453_segmentation.png
Processed_Dataset/segmentation/images\ISIC_0010178.jpg,Processed_Dataset/segmentation/masks\ISIC_0010178_segmentation.png
Processed_Dataset/segmentation/images\ISIC_0010590.jpg,Processed_Dataset/segmentation/masks\ISIC_0010590_segmentation.png
Processed_Dataset/segmentation/images\ISIC_0010337.jpg,Processed_Dataset/segmentation/masks\ISIC_0010337_segmentation.png
Processed_Dataset/segmentation/images\ISIC_0000461.jpg,Processed_Dataset/segmentation/masks\ISIC_0000461_segmentation.png
Processed_Dataset/segmentation/images\ISIC_0006815.jpg,Processed_Dataset/segmentation/masks\ISIC_0006815_segmentation.png
Processed_Dataset/segmentation/images\ISIC_0011356.jpg,Processed_Dataset/segmentation/masks\ISIC_0011356_segmentation.png
Processed_Dataset/segmentation/images\ISIC_0000365.jpg,Processed_Dataset/segmentation/masks\ISIC_0000365_segmentation.png
Processed_Dataset/segmentation/images\ISIC_0011150.jpg,Processed_Dataset/segmentation/masks\ISIC_0011150_segmentation.png
Processed_Dataset/segmentation/images\ISIC_0000372.jpg,Processed_Dataset/segmentation/masks\ISIC_0000372_segmentation.png
Processed_Dataset/segmentation/images\ISIC_0008992.jpg,Processed_Dataset/segmentation/masks\ISIC_0008992_segmentation.png
Processed_Dataset/segmentation/images\ISIC_0012309.jpg,Processed_Dataset/segmentation/masks\ISIC_0012309_segmentation.png
Processed_Dataset/segmentation/images\ISIC_0000007.jpg,Processed_Dataset/segmentation/masks\ISIC_0000007_segmentation.png
Processed_Dataset/segmentation/images\ISIC_0000110.jpg,Processed_Dataset/segmentation/masks\ISIC_0000110_segmentation.png
Processed_Dataset/segmentation/images\ISIC_0000520.jpg,Processed_Dataset/segmentation/masks\ISIC_0000520_segmentation.png
Processed_Dataset/segmentation/images\ISIC_0011294.jpg,Processed_Dataset/segmentation/masks\ISIC_0011294_segmentation.png
Processed_Dataset/segmentation/images\ISIC_0012469.jpg,Processed_Dataset/segmentation/masks\ISIC_0012469_segmentation.png
Processed_Dataset/segmentation/images\ISIC_0011211.jpg,Processed_Dataset/segmentation/masks\ISIC_0011211_segmentation.png
Processed_Dataset/segmentation/images\ISIC_0011202.jpg,Processed_Dataset/segmentation/masks\ISIC_0011202_segmentation.png
Processed_Dataset/segmentation/images\ISIC_0000519.jpg,Processed_Dataset/segmentation/masks\ISIC_0000519_segmentation.png
Processed_Dataset/segmentation/images\ISIC_0010847.jpg,Processed_Dataset/segmentation/masks\ISIC_0010847_segmentation.png
Processed_Dataset/segmentation/images\ISIC_0010348.jpg,Processed_Dataset/segmentation/masks\ISIC_0010348_segmentation.png
Processed_Dataset/segmentation/images\ISIC_0007788.jpg,Processed_Dataset/segmentation/masks\ISIC_0007788_segmentation.png
Processed_Dataset/segmentation/images\ISIC_0010058.jpg,Processed_Dataset/segmentation/masks\ISIC_0010058_segmentation.png
Processed_Dataset/segmentation/images\ISIC_0000252.jpg,Processed_Dataset/segmentation/masks\ISIC_0000252_segmentation.png
Processed_Dataset/segmentation/images\ISIC_0007796.jpg,Processed_Dataset/segmentation/masks\ISIC_0007796_segmentation.png
Processed_Dataset/segmentation/images\ISIC_0009078.jpg,Processed_Dataset/segmentation/masks\ISIC_0009078_segmentation.png
Processed_Dataset/segmentation/images\ISIC_0010025.jpg,Processed_Dataset/segmentation/masks\ISIC_0010025_segmentation.png
Processed_Dataset/segmentation/images\ISIC_0009960.jpg,Processed_Dataset/segmentation/masks\ISIC_0009960_segmentation.png
Processed_Dataset/segmentation/images\ISIC_0000071.jpg,Processed_Dataset/segmentation/masks\ISIC_0000071_segmentation.png
Processed_Dataset/segmentation/images\ISIC_0011137.jpg,Processed_Dataset/segmentation/masks\ISIC_0011137_segmentation.png
Processed_Dataset/segmentation/images\ISIC_0000072.jpg,Processed_Dataset/segmentation/masks\ISIC_0000072_segmentation.png
Processed_Dataset/segmentation/images\ISIC_0002836.jpg,Processed_Dataset/segmentation/masks\ISIC_0002836_segmentation.png
Processed_Dataset/segmentation/images\ISIC_0000232.jpg,Processed_Dataset/segmentation/masks\ISIC_0000232_segmentation.png
Processed_Dataset/segmentation/images\ISIC_0000015.jpg,Processed_Dataset/segmentation/masks\ISIC_0000015_segmentation.png
Processed_Dataset/segmentation/images\ISIC_0010317.jpg,Processed_Dataset/segmentation/masks\ISIC_0010317_segmentation.png
Processed_Dataset/segmentation/images\ISIC_0010041.jpg,Processed_Dataset/segmentation/masks\ISIC_0010041_segmentation.png
Processed_Dataset/segmentation/images\ISIC_0000348.jpg,Processed_Dataset/segmentation/masks\ISIC_0000348_segmentation.png
Processed_Dataset/segmentation/images\ISIC_0007528.jpg,Processed_Dataset/segmentation/masks\ISIC_0007528_segmentation.png
Processed_Dataset/segmentation/images\ISIC_0010361.jpg,Processed_Dataset/segmentation/masks\ISIC_0010361_segmentation.png
Processed_Dataset/segmentation/images\ISIC_0012108.jpg,Processed_Dataset/segmentation/masks\ISIC_0012108_segmentation.png
Processed_Dataset/segmentation/images\ISIC_0010077.jpg,Processed_Dataset/segmentation/masks\ISIC_0010077_segmentation.png
Processed_Dataset/segmentation/images\ISIC_0010241.jpg,Processed_Dataset/segmentation/masks\ISIC_0010241_segmentation.png
Processed_Dataset/segmentation/images\ISIC_0009958.jpg,Processed_Dataset/segmentation/masks\ISIC_0009958_segmentation.png
Processed_Dataset/segmentation/images\ISIC_0012272.jpg,Processed_Dataset/segmentation/masks\ISIC_0012272_segmentation.png
Processed_Dataset/segmentation/images\ISIC_0010189.jpg,Processed_Dataset/segmentation/masks\ISIC_0010189_segmentation.png
Processed_Dataset/segmentation/images\ISIC_0009165.jpg,Processed_Dataset/segmentation/masks\ISIC_0009165_segmentation.png
Processed_Dataset/segmentation/images\ISIC_0011301.jpg,Processed_Dataset/segmentation/masks\ISIC_0011301_segmentation.png
Processed_Dataset/segmentation/images\ISIC_0010173.jpg,Processed_Dataset/segmentation/masks\ISIC_0010173_segmentation.png
Processed_Dataset/segmentation/images\ISIC_0012232.jpg,Processed_Dataset/segmentation/masks\ISIC_0012232_segmentation.png
Processed_Dataset/segmentation/images\ISIC_0001247.jpg,Processed_Dataset/segmentation/masks\ISIC_0001247_segmentation.png
Processed_Dataset/segmentation/images\ISIC_0009919.jpg,Processed_Dataset/segmentation/masks\ISIC_0009919_segmentation.png
Processed_Dataset/segmentation/images\ISIC_0011344.jpg,Processed_Dataset/segmentation/masks\ISIC_0011344_segmentation.png
Processed_Dataset/segmentation/images\ISIC_0000317.jpg,Processed_Dataset/segmentation/masks\ISIC_0000317_segmentation.png
Processed_Dataset/segmentation/images\ISIC_0012228.jpg,Processed_Dataset/segmentation/masks\ISIC_0012228_segmentation.png
Processed_Dataset/segmentation/images\ISIC_0000439.jpg,Processed_Dataset/segmentation/masks\ISIC_0000439_segmentation.png
Processed_Dataset/segmentation/images\ISIC_0000263.jpg,Processed_Dataset/segmentation/masks\ISIC_0000263_segmentation.png
Processed_Dataset/segmentation/images\ISIC_0012179.jpg,Processed_Dataset/segmentation/masks\ISIC_0012179_segmentation.png
Processed_Dataset/segmentation/images\ISIC_0003559.jpg,Processed_Dataset/segmentation/masks\ISIC_0003559_segmentation.png
Processed_Dataset/segmentation/images\ISIC_0000003.jpg,Processed_Dataset/segmentation/masks\ISIC_0000003_segmentation.png
Processed_Dataset/segmentation/images\ISIC_0000008.jpg,Processed_Dataset/segmentation/masks\ISIC_0000008_segmentation.png
Processed_Dataset/segmentation/images\ISIC_0000453.jpg,Processed_Dataset/segmentation/masks\ISIC_0000453_segmentation.png
Processed_Dataset/segmentation/images\ISIC_0000361.jpg,Processed_Dataset/segmentation/masks\ISIC_0000361_segmentation.png
Processed_Dataset/segmentation/images\ISIC_0011330.jpg,Processed_Dataset/segmentation/masks\ISIC_0011330_segmentation.png
Processed_Dataset/segmentation/images\ISIC_0012155.jpg,Processed_Dataset/segmentation/masks\ISIC_0012155_segmentation.png
Processed_Dataset/segmentation/images\ISIC_0009430.jpg,Processed_Dataset/segmentation/masks\ISIC_0009430_segmentation.png
Processed_Dataset/segmentation/images\ISIC_0010073.jpg,Processed_Dataset/segmentation/masks\ISIC_0010073_segmentation.png
Processed_Dataset/segmentation/images\ISIC_0012400.jpg,Processed_Dataset/segmentation/masks\ISIC_0012400_segmentation.png
Processed_Dataset/segmentation/images\ISIC_0000236.jpg,Processed_Dataset/segmentation/masks\ISIC_0000236_segmentation.png
Processed_Dataset/segmentation/images\ISIC_0002488.jpg,Processed_Dataset/segmentation/masks\ISIC_0002488_segmentation.png
Processed_Dataset/segmentation/images\ISIC_0009891.jpg,Processed_Dataset/segmentation/masks\ISIC_0009891_segmentation.png
Processed_Dataset/segmentation/images\ISIC_0000030.jpg,Processed_Dataset/segmentation/masks\ISIC_0000030_segmentation.png
Processed_Dataset/segmentation/images\ISIC_0010344.jpg,Processed_Dataset/segmentation/masks\ISIC_0010344_segmentation.png
Processed_Dataset/segmentation/images\ISIC_0012323.jpg,Processed_Dataset/segmentation/masks\ISIC_0012323_segmentation.png
Processed_Dataset/segmentation/images\ISIC_0010864.jpg,Processed_Dataset/segmentation/masks\ISIC_0010864_segmentation.png
Processed_Dataset/segmentation/images\ISIC_0010239.jpg,Processed_Dataset/segmentation/masks\ISIC_0010239_segmentation.png
Processed_Dataset/segmentation/images\ISIC_0010463.jpg,Processed_Dataset/segmentation/masks\ISIC_0010463_segmentation.png
Processed_Dataset/segmentation/images\ISIC_0006940.jpg,Processed_Dataset/segmentation/masks\ISIC_0006940_segmentation.png
Processed_Dataset/segmentation/images\ISIC_0006914.jpg,Processed_Dataset/segmentation/masks\ISIC_0006914_segmentation.png
Processed_Dataset/segmentation/images\ISIC_0010322.jpg,Processed_Dataset/segmentation/masks\ISIC_0010322_segmentation.png
Processed_Dataset/segmentation/images\ISIC_0010459.jpg,Processed_Dataset/segmentation/masks\ISIC_0010459_segmentation.png
Processed_Dataset/segmentation/images\ISIC_0000423.jpg,Processed_Dataset/segmentation/masks\ISIC_0000423_segmentation.png
Processed_Dataset/segmentation/images\ISIC_0011363.jpg,Processed_Dataset/segmentation/masks\ISIC_0011363_segmentation.png
Processed_Dataset/segmentation/images\ISIC_0010100.jpg,Processed_Dataset/segmentation/masks\ISIC_0010100_segmentation.png
Processed_Dataset/segmentation/images\ISIC_0000293.jpg,Processed_Dataset/segmentation/masks\ISIC_0000293_segmentation.png
Processed_Dataset/segmentation/images\ISIC_0000028.jpg,Processed_Dataset/segmentation/masks\ISIC_0000028_segmentation.png
Processed_Dataset/segmentation/images\ISIC_0000392.jpg,Processed_Dataset/segmentation/masks\ISIC_0000392_segmentation.png
Processed_Dataset/segmentation/images\ISIC_0000051.jpg,Processed_Dataset/segmentation/masks\ISIC_0000051_segmentation.png
Processed_Dataset/segmentation/images\ISIC_0000117.jpg,Processed_Dataset/segmentation/masks\ISIC_0000117_segmentation.png
Processed_Dataset/segmentation/images\ISIC_0012156.jpg,Processed_Dataset/segmentation/masks\ISIC_0012156_segmentation.png
Processed_Dataset/segmentation/images\ISIC_0000059.jpg,Processed_Dataset/segmentation/masks\ISIC_0000059_segmentation.png
Processed_Dataset/segmentation/images\ISIC_0008998.jpg,Processed_Dataset/segmentation/masks\ISIC_0008998_segmentation.png
Processed_Dataset/segmentation/images\ISIC_0000234.jpg,Processed_Dataset/segmentation/masks\ISIC_0000234_segmentation.png
Processed_Dataset/segmentation/images\ISIC_0000133.jpg,Processed_Dataset/segmentation/masks\ISIC_0000133_segmentation.png
Processed_Dataset/segmentation/images\ISIC_0009910.jpg,Processed_Dataset/segmentation/masks\ISIC_0009910_segmentation.png
Processed_Dataset/segmentation/images\ISIC_0012284.jpg,Processed_Dataset/segmentation/masks\ISIC_0012284_segmentation.png
Processed_Dataset/segmentation/images\ISIC_0000078.jpg,Processed_Dataset/segmentation/masks\ISIC_0000078_segmentation.png
Processed_Dataset/segmentation/images\ISIC_0008256.jpg,Processed_Dataset/segmentation/masks\ISIC_0008256_segmentation.png
Processed_Dataset/segmentation/images\ISIC_0000049.jpg,Processed_Dataset/segmentation/masks\ISIC_0000049_segmentation.png
Processed_Dataset/segmentation/images\ISIC_0010473.jpg,Processed_Dataset/segmentation/masks\ISIC_0010473_segmentation.png
Processed_Dataset/segmentation/images\ISIC_0002459.jpg,Processed_Dataset/segmentation/masks\ISIC_0002459_segmentation.png
Processed_Dataset/segmentation/images\ISIC_0011102.jpg,Processed_Dataset/segmentation/masks\ISIC_0011102_segmentation.png
Processed_Dataset/segmentation/images\ISIC_0009899.jpg,Processed_Dataset/segmentation/masks\ISIC_0009899_segmentation.png
Processed_Dataset/segmentation/images\ISIC_0008541.jpg,Processed_Dataset/segmentation/masks\ISIC_0008541_segmentation.png
Processed_Dataset/segmentation/images\ISIC_0002829.jpg,Processed_Dataset/segmentation/masks\ISIC_0002829_segmentation.png
Processed_Dataset/segmentation/images\ISIC_0001106.jpg,Processed_Dataset/segmentation/masks\ISIC_0001106_segmentation.png
Processed_Dataset/segmentation/images\ISIC_0012222.jpg,Processed_Dataset/segmentation/masks\ISIC_0012222_segmentation.png
Processed_Dataset/segmentation/images\ISIC_0011324.jpg,Processed_Dataset/segmentation/masks\ISIC_0011324_segmentation.png
Processed_Dataset/segmentation/images\ISIC_0008145.jpg,Processed_Dataset/segmentation/masks\ISIC_0008145_segmentation.png
Processed_Dataset/segmentation/images\ISIC_0000064.jpg,Processed_Dataset/segmentation/masks\ISIC_0000064_segmentation.png
Processed_Dataset/segmentation/images\ISIC_0000101.jpg,Processed_Dataset/segmentation/masks\ISIC_0000101_segmentation.png
Processed_Dataset/segmentation/images\ISIC_0010596.jpg,Processed_Dataset/segmentation/masks\ISIC_0010596_segmentation.png
Processed_Dataset/segmentation/images\ISIC_0000215.jpg,Processed_Dataset/segmentation/masks\ISIC_0000215_segmentation.png
Processed_Dataset/segmentation/images\ISIC_0000325.jpg,Processed_Dataset/segmentation/masks\ISIC_0000325_segmentation.png
Processed_Dataset/segmentation/images\ISIC_0000433.jpg,Processed_Dataset/segmentation/masks\ISIC_0000433_segmentation.png
Processed_Dataset/segmentation/images\ISIC_0002374.jpg,Processed_Dataset/segmentation/masks\ISIC_0002374_segmentation.png
Processed_Dataset/segmentation/images\ISIC_0009160.jpg,Processed_Dataset/segmentation/masks\ISIC_0009160_segmentation.png
Processed_Dataset/segmentation/images\ISIC_0007693.jpg,Processed_Dataset/segmentation/masks\ISIC_0007693_segmentation.png
Processed_Dataset/segmentation/images\ISIC_0000203.jpg,Processed_Dataset/segmentation/masks\ISIC_0000203_segmentation.png
Processed_Dataset/segmentation/images\ISIC_0000122.jpg,Processed_Dataset/segmentation/masks\ISIC_0000122_segmentation.png
Processed_Dataset/segmentation/images\ISIC_0010228.jpg,Processed_Dataset/segmentation/masks\ISIC_0010228_segmentation.png
Processed_Dataset/segmentation/images\ISIC_0009956.jpg,Processed_Dataset/segmentation/masks\ISIC_0009956_segmentation.png
Processed_Dataset/segmentation/images\ISIC_0000225.jpg,Processed_Dataset/segmentation/masks\ISIC_0000225_segmentation.png
Processed_Dataset/segmentation/images\ISIC_0009298.jpg,Processed_Dataset/segmentation/masks\ISIC_0009298_segmentation.png
Processed_Dataset/segmentation/images\ISIC_0010569.jpg,Processed_Dataset/segmentation/masks\ISIC_0010569_segmentation.png
Processed_Dataset/segmentation/images\ISIC_0003346.jpg,Processed_Dataset/segmentation/masks\ISIC_0003346_segmentation.png
Processed_Dataset/segmentation/images\ISIC_0010558.jpg,Processed_Dataset/segmentation/masks\ISIC_0010558_segmentation.png
Processed_Dataset/segmentation/images\ISIC_0009938.jpg,Processed_Dataset/segmentation/masks\ISIC_0009938_segmentation.png
Processed_Dataset/segmentation/images\ISIC_0010380.jpg,Processed_Dataset/segmentation/masks\ISIC_0010380_segmentation.png
Processed_Dataset/segmentation/images\ISIC_0006982.jpg,Processed_Dataset/segmentation/masks\ISIC_0006982_segmentation.png
Processed_Dataset/segmentation/images\ISIC_0000204.jpg,Processed_Dataset/segmentation/masks\ISIC_0000204_segmentation.png
Processed_Dataset/segmentation/images\ISIC_0000151.jpg,Processed_Dataset/segmentation/masks\ISIC_0000151_segmentation.png
Processed_Dataset/segmentation/images\ISIC_0010018.jpg,Processed_Dataset/segmentation/masks\ISIC_0010018_segmentation.png
Processed_Dataset/segmentation/images\ISIC_0000088.jpg,Processed_Dataset/segmentation/masks\ISIC_0000088_segmentation.png
Processed_Dataset/segmentation/images\ISIC_0012235.jpg,Processed_Dataset/segmentation/masks\ISIC_0012235_segmentation.png
Processed_Dataset/segmentation/images\ISIC_0011372.jpg,Processed_Dataset/segmentation/masks\ISIC_0011372_segmentation.png
Processed_Dataset/segmentation/images\ISIC_0003005.jpg,Processed_Dataset/segmentation/masks\ISIC_0003005_segmentation.png
Processed_Dataset/segmentation/images\ISIC_0006350.jpg,Processed_Dataset/segmentation/masks\ISIC_0006350_segmentation.png
Processed_Dataset/segmentation/images\ISIC_0001185.jpg,Processed_Dataset/segmentation/masks\ISIC_0001185_segmentation.png
Processed_Dataset/segmentation/images\ISIC_0000184.jpg,Processed_Dataset/segmentation/masks\ISIC_0000184_segmentation.png
Processed_Dataset/segmentation/images\ISIC_0000279.jpg,Processed_Dataset/segmentation/masks\ISIC_0000279_segmentation.png
Processed_Dataset/segmentation/images\ISIC_0000357.jpg,Processed_Dataset/segmentation/masks\ISIC_0000357_segmentation.png
Processed_Dataset/segmentation/images\ISIC_0010379.jpg,Processed_Dataset/segmentation/masks\ISIC_0010379_segmentation.png
Processed_Dataset/segmentation/images\ISIC_0006776.jpg,Processed_Dataset/segmentation/masks\ISIC_0006776_segmentation.png
Processed_Dataset/segmentation/images\ISIC_0000390.jpg,Processed_Dataset/segmentation/masks\ISIC_0000390_segmentation.png
Processed_Dataset/segmentation/images\ISIC_0000107.jpg,Processed_Dataset/segmentation/masks\ISIC_0000107_segmentation.png
Processed_Dataset/segmentation/images\ISIC_0007241.jpg,Processed_Dataset/segmentation/masks\ISIC_0007241_segmentation.png
Processed_Dataset/segmentation/images\ISIC_0010015.jpg,Processed_Dataset/segmentation/masks\ISIC_0010015_segmentation.png
Processed_Dataset/segmentation/images\ISIC_0010565.jpg,Processed_Dataset/segmentation/masks\ISIC_0010565_segmentation.png
Processed_Dataset/segmentation/images\ISIC_0010461.jpg,Processed_Dataset/segmentation/masks\ISIC_0010461_segmentation.png
Processed_Dataset/segmentation/images\ISIC_0010185.jpg,Processed_Dataset/segmentation/masks\ISIC_0010185_segmentation.png
Processed_Dataset/segmentation/images\ISIC_0012095.jpg,Processed_Dataset/segmentation/masks\ISIC_0012095_segmentation.png
Processed_Dataset/segmentation/images\ISIC_0009921.jpg,Processed_Dataset/segmentation/masks\ISIC_0009921_segmentation.png
Processed_Dataset/segmentation/images\ISIC_0012137.jpg,Processed_Dataset/segmentation/masks\ISIC_0012137_segmentation.png
Processed_Dataset/segmentation/images\ISIC_0000351.jpg,Processed_Dataset/segmentation/masks\ISIC_0000351_segmentation.png
Processed_Dataset/segmentation/images\ISIC_0011168.jpg,Processed_Dataset/segmentation/masks\ISIC_0011168_segmentation.png
Processed_Dataset/segmentation/images\ISIC_0000480.jpg,Processed_Dataset/segmentation/masks\ISIC_0000480_segmentation.png
Processed_Dataset/segmentation/images\ISIC_0000261.jpg,Processed_Dataset/segmentation/masks\ISIC_0000261_segmentation.png
Processed_Dataset/segmentation/images\ISIC_0010573.jpg,Processed_Dataset/segmentation/masks\ISIC_0010573_segmentation.png
Processed_Dataset/segmentation/images\ISIC_0010598.jpg,Processed_Dataset/segmentation/masks\ISIC_0010598_segmentation.png
Processed_Dataset/segmentation/images\ISIC_0000354.jpg,Processed_Dataset/segmentation/masks\ISIC_0000354_segmentation.png
Processed_Dataset/segmentation/images\ISIC_0010447.jpg,Processed_Dataset/segmentation/masks\ISIC_0010447_segmentation.png
Processed_Dataset/segmentation/images\ISIC_0011155.jpg,Processed_Dataset/segmentation/masks\ISIC_0011155_segmentation.png
Processed_Dataset/segmentation/images\ISIC_0000281.jpg,Processed_Dataset/segmentation/masks\ISIC_0000281_segmentation.png
Processed_Dataset/segmentation/images\ISIC_0010365.jpg,Processed_Dataset/segmentation/masks\ISIC_0010365_segmentation.png
Processed_Dataset/segmentation/images\ISIC_0010340.jpg,Processed_Dataset/segmentation/masks\ISIC_0010340_segmentation.png
Processed_Dataset/segmentation/images\ISIC_0000077.jpg,Processed_Dataset/segmentation/masks\ISIC_0000077_segmentation.png
Processed_Dataset/segmentation/images\ISIC_0000103.jpg,Processed_Dataset/segmentation/masks\ISIC_0000103_segmentation.png
Processed_Dataset/segmentation/images\ISIC_0010848.jpg,Processed_Dataset/segmentation/masks\ISIC_0010848_segmentation.png
Processed_Dataset/segmentation/images\ISIC_0000037.jpg,Processed_Dataset/segmentation/masks\ISIC_0000037_segmentation.png
Processed_Dataset/segmentation/images\ISIC_0010443.jpg,Processed_Dataset/segmentation/masks\ISIC_0010443_segmentation.png
Processed_Dataset/segmentation/images\ISIC_0000545.jpg,Processed_Dataset/segmentation/masks\ISIC_0000545_segmentation.png
Processed_Dataset/segmentation/images\ISIC_0000542.jpg,Processed_Dataset/segmentation/masks\ISIC_0000542_segmentation.png
Processed_Dataset/segmentation/images\ISIC_0010597.jpg,Processed_Dataset/segmentation/masks\ISIC_0010597_segmentation.png
Processed_Dataset/segmentation/images\ISIC_0011118.jpg,Processed_Dataset/segmentation/masks\ISIC_0011118_segmentation.png
Processed_Dataset/segmentation/images\ISIC_0010174.jpg,Processed_Dataset/segmentation/masks\ISIC_0010174_segmentation.png
Processed_Dataset/segmentation/images\ISIC_0000085.jpg,Processed_Dataset/segmentation/masks\ISIC_0000085_segmentation.png
Processed_Dataset/segmentation/images\ISIC_0000093.jpg,Processed_Dataset/segmentation/masks\ISIC_0000093_segmentation.png
Processed_Dataset/segmentation/images\ISIC_0012089.jpg,Processed_Dataset/segmentation/masks\ISIC_0012089_segmentation.png
Processed_Dataset/segmentation/images\ISIC_0000091.jpg,Processed_Dataset/segmentation/masks\ISIC_0000091_segmentation.png
Processed_Dataset/segmentation/images\ISIC_0000556.jpg,Processed_Dataset/segmentation/masks\ISIC_0000556_segmentation.png
Processed_Dataset/segmentation/images\ISIC_0010036.jpg,Processed_Dataset/segmentation/masks\ISIC_0010036_segmentation.png
Processed_Dataset/segmentation/images\ISIC_0010333.jpg,Processed_Dataset/segmentation/masks\ISIC_0010333_segmentation.png
Processed_Dataset/segmentation/images\ISIC_0000533.jpg,Processed_Dataset/segmentation/masks\ISIC_0000533_segmentation.png
Processed_Dataset/segmentation/images\ISIC_0012282.jpg,Processed_Dataset/segmentation/masks\ISIC_0012282_segmentation.png
Processed_Dataset/segmentation/images\ISIC_0011128.jpg,Processed_Dataset/segmentation/masks\ISIC_0011128_segmentation.png
Processed_Dataset/segmentation/images\ISIC_0000496.jpg,Processed_Dataset/segmentation/masks\ISIC_0000496_segmentation.png
Processed_Dataset/segmentation/images\ISIC_0011358.jpg,Processed_Dataset/segmentation/masks\ISIC_0011358_segmentation.png
Processed_Dataset/segmentation/images\ISIC_0009974.jpg,Processed_Dataset/segmentation/masks\ISIC_0009974_segmentation.png
Processed_Dataset/segmentation/images\ISIC_0010043.jpg,Processed_Dataset/segmentation/masks\ISIC_0010043_segmentation.png
Processed_Dataset/segmentation/images\ISIC_0000115.jpg,Processed_Dataset/segmentation/masks\ISIC_0000115_segmentation.png
Processed_Dataset/segmentation/images\ISIC_0008396.jpg,Processed_Dataset/segmentation/masks\ISIC_0008396_segmentation.png
Processed_Dataset/segmentation/images\ISIC_0009599.jpg,Processed_Dataset/segmentation/masks\ISIC_0009599_segmentation.png
Processed_Dataset/segmentation/images\ISIC_0009972.jpg,Processed_Dataset/segmentation/masks\ISIC_0009972_segmentation.png
Processed_Dataset/segmentation/images\ISIC_0000066.jpg,Processed_Dataset/segmentation/masks\ISIC_0000066_segmentation.png
Processed_Dataset/segmentation/images\ISIC_0000326.jpg,Processed_Dataset/segmentation/masks\ISIC_0000326_segmentation.png
Processed_Dataset/segmentation/images\ISIC_0010066.jpg,Processed_Dataset/segmentation/masks\ISIC_0010066_segmentation.png
Processed_Dataset/segmentation/images\ISIC_0000264.jpg,Processed_Dataset/segmentation/masks\ISIC_0000264_segmentation.png
Processed_Dataset/segmentation/images\ISIC_0000247.jpg,Processed_Dataset/segmentation/masks\ISIC_0000247_segmentation.png
Processed_Dataset/segmentation/images\ISIC_0000160.jpg,Processed_Dataset/segmentation/masks\ISIC_0000160_segmentation.png
Processed_Dataset/segmentation/images\ISIC_0012230.jpg,Processed_Dataset/segmentation/masks\ISIC_0012230_segmentation.png
Processed_Dataset/segmentation/images\ISIC_0000457.jpg,Processed_Dataset/segmentation/masks\ISIC_0000457_segmentation.png
Processed_Dataset/segmentation/images\ISIC_0000131.jpg,Processed_Dataset/segmentation/masks\ISIC_0000131_segmentation.png
Processed_Dataset/segmentation/images\ISIC_0010566.jpg,Processed_Dataset/segmentation/masks\ISIC_0010566_segmentation.png
Processed_Dataset/segmentation/images\ISIC_0000282.jpg,Processed_Dataset/segmentation/masks\ISIC_0000282_segmentation.png
Processed_Dataset/segmentation/images\ISIC_0012320.jpg,Processed_Dataset/segmentation/masks\ISIC_0012320_segmentation.png
Processed_Dataset/segmentation/images\ISIC_0000012.jpg,Processed_Dataset/segmentation/masks\ISIC_0000012_segmentation.png
Processed_Dataset/segmentation/images\ISIC_0000546.jpg,Processed_Dataset/segmentation/masks\ISIC_0000546_segmentation.png
Processed_Dataset/segmentation/images\ISIC_0000292.jpg,Processed_Dataset/segmentation/masks\ISIC_0000292_segmentation.png
Processed_Dataset/segmentation/images\ISIC_0007475.jpg,Processed_Dataset/segmentation/masks\ISIC_0007475_segmentation.png
Processed_Dataset/segmentation/images\ISIC_0000481.jpg,Processed_Dataset/segmentation/masks\ISIC_0000481_segmentation.png
Processed_Dataset/segmentation/images\ISIC_0010005.jpg,Processed_Dataset/segmentation/masks\ISIC_0010005_segmentation.png
Processed_Dataset/segmentation/images\ISIC_0011132.jpg,Processed_Dataset/segmentation/masks\ISIC_0011132_segmentation.png
Processed_Dataset/segmentation/images\ISIC_0004337.jpg,Processed_Dataset/segmentation/masks\ISIC_0004337_segmentation.png
Processed_Dataset/segmentation/images\ISIC_0000999.jpg,Processed_Dataset/segmentation/masks\ISIC_0000999_segmentation.png
Processed_Dataset/segmentation/images\ISIC_0012204.jpg,Processed_Dataset/segmentation/masks\ISIC_0012204_segmentation.png
Processed_Dataset/segmentation/images\ISIC_0000159.jpg,Processed_Dataset/segmentation/masks\ISIC_0000159_segmentation.png
Processed_Dataset/segmentation/images\ISIC_0001372.jpg,Processed_Dataset/segmentation/masks\ISIC_0001372_segmentation.png
Processed_Dataset/segmentation/images\ISIC_0012207.jpg,Processed_Dataset/segmentation/masks\ISIC_0012207_segmentation.png
Processed_Dataset/segmentation/images\ISIC_0002975.jpg,Processed_Dataset/segmentation/masks\ISIC_0002975_segmentation.png
Processed_Dataset/segmentation/images\ISIC_0000198.jpg,Processed_Dataset/segmentation/masks\ISIC_0000198_segmentation.png
Processed_Dataset/segmentation/images\ISIC_0012324.jpg,Processed_Dataset/segmentation/masks\ISIC_0012324_segmentation.png
Processed_Dataset/segmentation/images\ISIC_0009980.jpg,Processed_Dataset/segmentation/masks\ISIC_0009980_segmentation.png
Processed_Dataset/segmentation/images\ISIC_0011352.jpg,Processed_Dataset/segmentation/masks\ISIC_0011352_segmentation.png
Processed_Dataset/segmentation/images\ISIC_0010595.jpg,Processed_Dataset/segmentation/masks\ISIC_0010595_segmentation.png
Processed_Dataset/segmentation/images\ISIC_0012447.jpg,Processed_Dataset/segmentation/masks\ISIC_0012447_segmentation.png
Processed_Dataset/segmentation/images\ISIC_0000009.jpg,Processed_Dataset/segmentation/masks\ISIC_0000009_segmentation.png
Processed_Dataset/segmentation/images\ISIC_0009898.jpg,Processed_Dataset/segmentation/masks\ISIC_0009898_segmentation.png
Processed_Dataset/segmentation/images\ISIC_0011224.jpg,Processed_Dataset/segmentation/masks\ISIC_0011224_segmentation.png
Processed_Dataset/segmentation/images\ISIC_0000427.jpg,Processed_Dataset/segmentation/masks\ISIC_0000427_segmentation.png
Processed_Dataset/segmentation/images\ISIC_0000384.jpg,Processed_Dataset/segmentation/masks\ISIC_0000384_segmentation.png
Processed_Dataset/segmentation/images\ISIC_0010222.jpg,Processed_Dataset/segmentation/masks\ISIC_0010222_segmentation.png
Processed_Dataset/segmentation/images\ISIC_0010844.jpg,Processed_Dataset/segmentation/masks\ISIC_0010844_segmentation.png
Processed_Dataset/segmentation/images\ISIC_0010364.jpg,Processed_Dataset/segmentation/masks\ISIC_0010364_segmentation.png
Processed_Dataset/segmentation/images\ISIC_0000295.jpg,Processed_Dataset/segmentation/masks\ISIC_0000295_segmentation.png
Processed_Dataset/segmentation/images\ISIC_0011105.jpg,Processed_Dataset/segmentation/masks\ISIC_0011105_segmentation.png
Processed_Dataset/segmentation/images\ISIC_0000456.jpg,Processed_Dataset/segmentation/masks\ISIC_0000456_segmentation.png
Processed_Dataset/segmentation/images\ISIC_0010456.jpg,Processed_Dataset/segmentation/masks\ISIC_0010456_segmentation.png
Processed_Dataset/segmentation/images\ISIC_0010057.jpg,Processed_Dataset/segmentation/masks\ISIC_0010057_segmentation.png
Processed_Dataset/segmentation/images\ISIC_0010607.jpg,Processed_Dataset/segmentation/masks\ISIC_0010607_segmentation.png
Processed_Dataset/segmentation/images\ISIC_0002476.jpg,Processed_Dataset/segmentation/masks\ISIC_0002476_segmentation.png
Processed_Dataset/segmentation/images\ISIC_0010585.jpg,Processed_Dataset/segmentation/masks\ISIC_0010585_segmentation.png
Processed_Dataset/segmentation/images\ISIC_0012290.jpg,Processed_Dataset/segmentation/masks\ISIC_0012290_segmentation.png
Processed_Dataset/segmentation/images\ISIC_0010351.jpg,Processed_Dataset/segmentation/masks\ISIC_0010351_segmentation.png
Processed_Dataset/segmentation/images\ISIC_0012281.jpg,Processed_Dataset/segmentation/masks\ISIC_0012281_segmentation.png
Processed_Dataset/segmentation/images\ISIC_0000537.jpg,Processed_Dataset/segmentation/masks\ISIC_0000537_segmentation.png
Processed_Dataset/segmentation/images\ISIC_0002780.jpg,Processed_Dataset/segmentation/masks\ISIC_0002780_segmentation.png
Processed_Dataset/segmentation/images\ISIC_0010557.jpg,Processed_Dataset/segmentation/masks\ISIC_0010557_segmentation.png
Processed_Dataset/segmentation/images\ISIC_0000251.jpg,Processed_Dataset/segmentation/masks\ISIC_0000251_segmentation.png
Processed_Dataset/segmentation/images\ISIC_0010176.jpg,Processed_Dataset/segmentation/masks\ISIC_0010176_segmentation.png
Processed_Dataset/segmentation/images\ISIC_0000253.jpg,Processed_Dataset/segmentation/masks\ISIC_0000253_segmentation.png
Processed_Dataset/segmentation/images\ISIC_0011349.jpg,Processed_Dataset/segmentation/masks\ISIC_0011349_segmentation.png
Processed_Dataset/segmentation/images\ISIC_0000233.jpg,Processed_Dataset/segmentation/masks\ISIC_0000233_segmentation.png
Processed_Dataset/segmentation/images\ISIC_0000087.jpg,Processed_Dataset/segmentation/masks\ISIC_0000087_segmentation.png
Processed_Dataset/segmentation/images\ISIC_0000163.jpg,Processed_Dataset/segmentation/masks\ISIC_0000163_segmentation.png
Processed_Dataset/segmentation/images\ISIC_0009954.jpg,Processed_Dataset/segmentation/masks\ISIC_0009954_segmentation.png
Processed_Dataset/segmentation/images\ISIC_0009909.jpg,Processed_Dataset/segmentation/masks\ISIC_0009909_segmentation.png
Processed_Dataset/segmentation/images\ISIC_0010854.jpg,Processed_Dataset/segmentation/masks\ISIC_0010854_segmentation.png
Processed_Dataset/segmentation/images\ISIC_0010227.jpg,Processed_Dataset/segmentation/masks\ISIC_0010227_segmentation.png
Processed_Dataset/segmentation/images\ISIC_0009949.jpg,Processed_Dataset/segmentation/masks\ISIC_0009949_segmentation.png
Processed_Dataset/segmentation/images\ISIC_0000147.jpg,Processed_Dataset/segmentation/masks\ISIC_0000147_segmentation.png
Processed_Dataset/segmentation/images\ISIC_0010467.jpg,Processed_Dataset/segmentation/masks\ISIC_0010467_segmentation.png
Processed_Dataset/segmentation/images\ISIC_0000501.jpg,Processed_Dataset/segmentation/masks\ISIC_0000501_segmentation.png
Processed_Dataset/segmentation/images\ISIC_0011367.jpg,Processed_Dataset/segmentation/masks\ISIC_0011367_segmentation.png
Processed_Dataset/segmentation/images\ISIC_0001449.jpg,Processed_Dataset/segmentation/masks\ISIC_0001449_segmentation.png
Processed_Dataset/segmentation/images\ISIC_0011115.jpg,Processed_Dataset/segmentation/masks\ISIC_0011115_segmentation.png
Processed_Dataset/segmentation/images\ISIC_0001423.jpg,Processed_Dataset/segmentation/masks\ISIC_0001423_segmentation.png
Processed_Dataset/segmentation/images\ISIC_0012406.jpg,Processed_Dataset/segmentation/masks\ISIC_0012406_segmentation.png
Processed_Dataset/segmentation/images\ISIC_0000413.jpg,Processed_Dataset/segmentation/masks\ISIC_0000413_segmentation.png
Processed_Dataset/segmentation/images\ISIC_0000477.jpg,Processed_Dataset/segmentation/masks\ISIC_0000477_segmentation.png
Processed_Dataset/segmentation/images\ISIC_0000000.jpg,Processed_Dataset/segmentation/masks\ISIC_0000000_segmentation.png
Processed_Dataset/segmentation/images\ISIC_0000434.jpg,Processed_Dataset/segmentation/masks\ISIC_0000434_segmentation.png
Processed_Dataset/segmentation/images\ISIC_0012442.jpg,Processed_Dataset/segmentation/masks\ISIC_0012442_segmentation.png
Processed_Dataset/segmentation/images\ISIC_0001148.jpg,Processed_Dataset/segmentation/masks\ISIC_0001148_segmentation.png
Processed_Dataset/segmentation/images\ISIC_0012432.jpg,Processed_Dataset/segmentation/masks\ISIC_0012432_segmentation.png
Processed_Dataset/segmentation/images\ISIC_0010458.jpg,Processed_Dataset/segmentation/masks\ISIC_0010458_segmentation.png
Processed_Dataset/segmentation/images\ISIC_0010448.jpg,Processed_Dataset/segmentation/masks\ISIC_0010448_segmentation.png
Processed_Dataset/segmentation/images\ISIC_0010357.jpg,Processed_Dataset/segmentation/masks\ISIC_0010357_segmentation.png
Processed_Dataset/segmentation/images\ISIC_0009998.jpg,Processed_Dataset/segmentation/masks\ISIC_0009998_segmentation.png
Processed_Dataset/segmentation/images\ISIC_0000191.jpg,Processed_Dataset/segmentation/masks\ISIC_0000191_segmentation.png
Processed_Dataset/segmentation/images\ISIC_0000547.jpg,Processed_Dataset/segmentation/masks\ISIC_0000547_segmentation.png
Processed_Dataset/segmentation/images\ISIC_0000138.jpg,Processed_Dataset/segmentation/masks\ISIC_0000138_segmentation.png
Processed_Dataset/segmentation/images\ISIC_0011327.jpg,Processed_Dataset/segmentation/masks\ISIC_0011327_segmentation.png
Processed_Dataset/segmentation/images\ISIC_0002673.jpg,Processed_Dataset/segmentation/masks\ISIC_0002673_segmentation.png
Processed_Dataset/segmentation/images\ISIC_0000099.jpg,Processed_Dataset/segmentation/masks\ISIC_0000099_segmentation.png
Processed_Dataset/segmentation/images\ISIC_0012330.jpg,Processed_Dataset/segmentation/masks\ISIC_0012330_segmentation.png
Processed_Dataset/segmentation/images\ISIC_0000202.jpg,Processed_Dataset/segmentation/masks\ISIC_0000202_segmentation.png
Processed_Dataset/segmentation/images\ISIC_0010062.jpg,Processed_Dataset/segmentation/masks\ISIC_0010062_segmentation.png
Processed_Dataset/segmentation/images\ISIC_0000508.jpg,Processed_Dataset/segmentation/masks\ISIC_0000508_segmentation.png
Processed_Dataset/segmentation/images\ISIC_0000283.jpg,Processed_Dataset/segmentation/masks\ISIC_0000283_segmentation.png
Processed_Dataset/segmentation/images\ISIC_0000074.jpg,Processed_Dataset/segmentation/masks\ISIC_0000074_segmentation.png
Processed_Dataset/segmentation/images\ISIC_0000145.jpg,Processed_Dataset/segmentation/masks\ISIC_0000145_segmentation.png
Processed_Dataset/segmentation/images\ISIC_0000349.jpg,Processed_Dataset/segmentation/masks\ISIC_0000349_segmentation.png
Processed_Dataset/segmentation/images\ISIC_0011225.jpg,Processed_Dataset/segmentation/masks\ISIC_0011225_segmentation.png
Processed_Dataset/segmentation/images\ISIC_0000381.jpg,Processed_Dataset/segmentation/masks\ISIC_0000381_segmentation.png
Processed_Dataset/segmentation/images\ISIC_0012369.jpg,Processed_Dataset/segmentation/masks\ISIC_0012369_segmentation.png
Processed_Dataset/segmentation/images\ISIC_0010480.jpg,Processed_Dataset/segmentation/masks\ISIC_0010480_segmentation.png
Processed_Dataset/segmentation/images\ISIC_0001306.jpg,Processed_Dataset/segmentation/masks\ISIC_0001306_segmentation.png
Processed_Dataset/segmentation/images\ISIC_0010071.jpg,Processed_Dataset/segmentation/masks\ISIC_0010071_segmentation.png
Processed_Dataset/segmentation/images\ISIC_0000443.jpg,Processed_Dataset/segmentation/masks\ISIC_0000443_segmentation.png
Processed_Dataset/segmentation/images\ISIC_0001286.jpg,Processed_Dataset/segmentation/masks\ISIC_0001286_segmentation.png
Processed_Dataset/segmentation/images\ISIC_0012224.jpg,Processed_Dataset/segmentation/masks\ISIC_0012224_segmentation.png
Processed_Dataset/segmentation/images\ISIC_0000395.jpg,Processed_Dataset/segmentation/masks\ISIC_0000395_segmentation.png
Processed_Dataset/segmentation/images\ISIC_0000517.jpg,Processed_Dataset/segmentation/masks\ISIC_0000517_segmentation.png
Processed_Dataset/segmentation/images\ISIC_0000183.jpg,Processed_Dataset/segmentation/masks\ISIC_0000183_segmentation.png
Processed_Dataset/segmentation/images\ISIC_0000031.jpg,Processed_Dataset/segmentation/masks\ISIC_0000031_segmentation.png
Processed_Dataset/segmentation/images\ISIC_0002251.jpg,Processed_Dataset/segmentation/masks\ISIC_0002251_segmentation.png
Processed_Dataset/segmentation/images\ISIC_0000214.jpg,Processed_Dataset/segmentation/masks\ISIC_0000214_segmentation.png
Processed_Dataset/segmentation/images\ISIC_0010019.jpg,Processed_Dataset/segmentation/masks\ISIC_0010019_segmentation.png
Processed_Dataset/segmentation/images\ISIC_0012351.jpg,Processed_Dataset/segmentation/masks\ISIC_0012351_segmentation.png
Processed_Dataset/segmentation/images\ISIC_0000188.jpg,Processed_Dataset/segmentation/masks\ISIC_0000188_segmentation.png
Processed_Dataset/segmentation/images\ISIC_0010231.jpg,Processed_Dataset/segmentation/masks\ISIC_0010231_segmentation.png
Processed_Dataset/segmentation/images\ISIC_0009877.jpg,Processed_Dataset/segmentation/masks\ISIC_0009877_segmentation.png
Processed_Dataset/segmentation/images\ISIC_0000192.jpg,Processed_Dataset/segmentation/masks\ISIC_0000192_segmentation.png
Processed_Dataset/segmentation/images\ISIC_0002353.jpg,Processed_Dataset/segmentation/masks\ISIC_0002353_segmentation.png
Processed_Dataset/segmentation/images\ISIC_0011157.jpg,Processed_Dataset/segmentation/masks\ISIC_0011157_segmentation.png
Processed_Dataset/segmentation/images\ISIC_0012342.jpg,Processed_Dataset/segmentation/masks\ISIC_0012342_segmentation.png
Processed_Dataset/segmentation/images\ISIC_0001254.jpg,Processed_Dataset/segmentation/masks\ISIC_0001254_segmentation.png
Processed_Dataset/segmentation/images\ISIC_0000079.jpg,Processed_Dataset/segmentation/masks\ISIC_0000079_segmentation.png
Processed_Dataset/segmentation/images\ISIC_0011223.jpg,Processed_Dataset/segmentation/masks\ISIC_0011223_segmentation.png
Processed_Dataset/segmentation/images\ISIC_0007141.jpg,Processed_Dataset/segmentation/masks\ISIC_0007141_segmentation.png
Processed_Dataset/segmentation/images\ISIC_0009884.jpg,Processed_Dataset/segmentation/masks\ISIC_0009884_segmentation.png
Processed_Dataset/segmentation/images\ISIC_0000260.jpg,Processed_Dataset/segmentation/masks\ISIC_0000260_segmentation.png
Processed_Dataset/segmentation/images\ISIC_0009982.jpg,Processed_Dataset/segmentation/masks\ISIC_0009982_segmentation.png
Processed_Dataset/segmentation/images\ISIC_0000235.jpg,Processed_Dataset/segmentation/masks\ISIC_0000235_segmentation.png
Processed_Dataset/segmentation/images\ISIC_0000181.jpg,Processed_Dataset/segmentation/masks\ISIC_0000181_segmentation.png
Processed_Dataset/segmentation/images\ISIC_0000146.jpg,Processed_Dataset/segmentation/masks\ISIC_0000146_segmentation.png
Processed_Dataset/segmentation/images\ISIC_0010457.jpg,Processed_Dataset/segmentation/masks\ISIC_0010457_segmentation.png
Processed_Dataset/segmentation/images\ISIC_0011144.jpg,Processed_Dataset/segmentation/masks\ISIC_0011144_segmentation.png
Processed_Dataset/segmentation/images\ISIC_0011170.jpg,Processed_Dataset/segmentation/masks\ISIC_0011170_segmentation.png
Processed_Dataset/segmentation/images\ISIC_0000206.jpg,Processed_Dataset/segmentation/masks\ISIC_0000206_segmentation.png
Processed_Dataset/segmentation/images\ISIC_0000045.jpg,Processed_Dataset/segmentation/masks\ISIC_0000045_segmentation.png
Processed_Dataset/segmentation/images\ISIC_0009937.jpg,Processed_Dataset/segmentation/masks\ISIC_0009937_segmentation.png
Processed_Dataset/segmentation/images\ISIC_0000120.jpg,Processed_Dataset/segmentation/masks\ISIC_0000120_segmentation.png
Processed_Dataset/segmentation/images\ISIC_0011088.jpg,Processed_Dataset/segmentation/masks\ISIC_0011088_segmentation.png
Processed_Dataset/segmentation/images\ISIC_0005666.jpg,Processed_Dataset/segmentation/masks\ISIC_0005666_segmentation.png
Processed_Dataset/segmentation/images\ISIC_0010046.jpg,Processed_Dataset/segmentation/masks\ISIC_0010046_segmentation.png
Processed_Dataset/segmentation/images\ISIC_0011300.jpg,Processed_Dataset/segmentation/masks\ISIC_0011300_segmentation.png
Processed_Dataset/segmentation/images\ISIC_0012316.jpg,Processed_Dataset/segmentation/masks\ISIC_0012316_segmentation.png
Processed_Dataset/segmentation/images\ISIC_0001190.jpg,Processed_Dataset/segmentation/masks\ISIC_0001190_segmentation.png
Processed_Dataset/segmentation/images\ISIC_0001126.jpg,Processed_Dataset/segmentation/masks\ISIC_0001126_segmentation.png
Processed_Dataset/segmentation/images\ISIC_0000027.jpg,Processed_Dataset/segmentation/masks\ISIC_0000027_segmentation.png
Processed_Dataset/segmentation/images\ISIC_0010476.jpg,Processed_Dataset/segmentation/masks\ISIC_0010476_segmentation.png
Processed_Dataset/segmentation/images\ISIC_0010168.jpg,Processed_Dataset/segmentation/masks\ISIC_0010168_segmentation.png
Processed_Dataset/segmentation/images\ISIC_0010858.jpg,Processed_Dataset/segmentation/masks\ISIC_0010858_segmentation.png
Processed_Dataset/segmentation/images\ISIC_0011297.jpg,Processed_Dataset/segmentation/masks\ISIC_0011297_segmentation.png
Processed_Dataset/segmentation/images\ISIC_0000447.jpg,Processed_Dataset/segmentation/masks\ISIC_0000447_segmentation.png
Processed_Dataset/segmentation/images\ISIC_0010860.jpg,Processed_Dataset/segmentation/masks\ISIC_0010860_segmentation.png
Processed_Dataset/segmentation/images\ISIC_0012227.jpg,Processed_Dataset/segmentation/masks\ISIC_0012227_segmentation.png
Processed_Dataset/segmentation/images\ISIC_0000473.jpg,Processed_Dataset/segmentation/masks\ISIC_0000473_segmentation.png
Processed_Dataset/segmentation/images\ISIC_0009988.jpg,Processed_Dataset/segmentation/masks\ISIC_0009988_segmentation.png
Processed_Dataset/segmentation/images\ISIC_0009966.jpg,Processed_Dataset/segmentation/masks\ISIC_0009966_segmentation.png
Processed_Dataset/segmentation/images\ISIC_0000552.jpg,Processed_Dataset/segmentation/masks\ISIC_0000552_segmentation.png
Processed_Dataset/segmentation/images\ISIC_0000303.jpg,Processed_Dataset/segmentation/masks\ISIC_0000303_segmentation.png
Processed_Dataset/segmentation/images\ISIC_0010367.jpg,Processed_Dataset/segmentation/masks\ISIC_0010367_segmentation.png
Processed_Dataset/segmentation/images\ISIC_0000258.jpg,Processed_Dataset/segmentation/masks\ISIC_0000258_segmentation.png
Processed_Dataset/segmentation/images\ISIC_0000541.jpg,Processed_Dataset/segmentation/masks\ISIC_0000541_segmentation.png
Processed_Dataset/segmentation/images\ISIC_0000487.jpg,Processed_Dataset/segmentation/masks\ISIC_0000487_segmentation.png
Processed_Dataset/segmentation/images\ISIC_0012135.jpg,Processed_Dataset/segmentation/masks\ISIC_0012135_segmentation.png
Processed_Dataset/segmentation/images\ISIC_0000197.jpg,Processed_Dataset/segmentation/masks\ISIC_0000197_segmentation.png
Processed_Dataset/segmentation/images\ISIC_0000021.jpg,Processed_Dataset/segmentation/masks\ISIC_0000021_segmentation.png
Processed_Dataset/segmentation/images\ISIC_0011366.jpg,Processed_Dataset/segmentation/masks\ISIC_0011366_segmentation.png
Processed_Dataset/segmentation/images\ISIC_0010225.jpg,Processed_Dataset/segmentation/masks\ISIC_0010225_segmentation.png
Processed_Dataset/segmentation/images\ISIC_0011112.jpg,Processed_Dataset/segmentation/masks\ISIC_0011112_segmentation.png
Processed_Dataset/segmentation/images\ISIC_0011176.jpg,Processed_Dataset/segmentation/masks\ISIC_0011176_segmentation.png
Processed_Dataset/segmentation/images\ISIC_0007557.jpg,Processed_Dataset/segmentation/masks\ISIC_0007557_segmentation.png
Processed_Dataset/segmentation/images\ISIC_0000065.jpg,Processed_Dataset/segmentation/masks\ISIC_0000065_segmentation.png
Processed_Dataset/segmentation/images\ISIC_0000316.jpg,Processed_Dataset/segmentation/masks\ISIC_0000316_segmentation.png
Processed_Dataset/segmentation/images\ISIC_0012250.jpg,Processed_Dataset/segmentation/masks\ISIC_0012250_segmentation.png
Processed_Dataset/segmentation/images\ISIC_0000323.jpg,Processed_Dataset/segmentation/masks\ISIC_0000323_segmentation.png
Processed_Dataset/segmentation/images\ISIC_0010862.jpg,Processed_Dataset/segmentation/masks\ISIC_0010862_segmentation.png
Processed_Dataset/segmentation/images\ISIC_0009939.jpg,Processed_Dataset/segmentation/masks\ISIC_0009939_segmentation.png
Processed_Dataset/segmentation/images\ISIC_0000449.jpg,Processed_Dataset/segmentation/masks\ISIC_0000449_segmentation.png
Processed_Dataset/segmentation/images\ISIC_0012203.jpg,Processed_Dataset/segmentation/masks\ISIC_0012203_segmentation.png
Processed_Dataset/segmentation/images\ISIC_0000040.jpg,Processed_Dataset/segmentation/masks\ISIC_0000040_segmentation.png
Processed_Dataset/segmentation/images\ISIC_0009990.jpg,Processed_Dataset/segmentation/masks\ISIC_0009990_segmentation.png
Processed_Dataset/segmentation/images\ISIC_0010592.jpg,Processed_Dataset/segmentation/masks\ISIC_0010592_segmentation.png
Processed_Dataset/segmentation/images\ISIC_0009895.jpg,Processed_Dataset/segmentation/masks\ISIC_0009895_segmentation.png
Processed_Dataset/segmentation/images\ISIC_0010247.jpg,Processed_Dataset/segmentation/masks\ISIC_0010247_segmentation.png
Processed_Dataset/segmentation/images\ISIC_0011110.jpg,Processed_Dataset/segmentation/masks\ISIC_0011110_segmentation.png
Processed_Dataset/segmentation/images\ISIC_0003539.jpg,Processed_Dataset/segmentation/masks\ISIC_0003539_segmentation.png
Processed_Dataset/segmentation/images\ISIC_0011127.jpg,Processed_Dataset/segmentation/masks\ISIC_0011127_segmentation.png
Processed_Dataset/segmentation/images\ISIC_0009933.jpg,Processed_Dataset/segmentation/masks\ISIC_0009933_segmentation.png
Processed_Dataset/segmentation/images\ISIC_0009993.jpg,Processed_Dataset/segmentation/masks\ISIC_0009993_segmentation.png
Processed_Dataset/segmentation/images\ISIC_0000212.jpg,Processed_Dataset/segmentation/masks\ISIC_0000212_segmentation.png
Processed_Dataset/segmentation/images\ISIC_0000555.jpg,Processed_Dataset/segmentation/masks\ISIC_0000555_segmentation.png
Processed_Dataset/segmentation/images\ISIC_0000485.jpg,Processed_Dataset/segmentation/masks\ISIC_0000485_segmentation.png
Processed_Dataset/segmentation/images\ISIC_0009917.jpg,Processed_Dataset/segmentation/masks\ISIC_0009917_segmentation.png
Processed_Dataset/segmentation/images\ISIC_0010023.jpg,Processed_Dataset/segmentation/masks\ISIC_0010023_segmentation.png
Processed_Dataset/segmentation/images\ISIC_0012390.jpg,Processed_Dataset/segmentation/masks\ISIC_0012390_segmentation.png
Processed_Dataset/segmentation/images\ISIC_0009978.jpg,Processed_Dataset/segmentation/masks\ISIC_0009978_segmentation.png
Processed_Dataset/segmentation/images\ISIC_0000514.jpg,Processed_Dataset/segmentation/masks\ISIC_0000514_segmentation.png
Processed_Dataset/segmentation/images\ISIC_0000460.jpg,Processed_Dataset/segmentation/masks\ISIC_0000460_segmentation.png
Processed_Dataset/segmentation/images\ISIC_0000506.jpg,Processed_Dataset/segmentation/masks\ISIC_0000506_segmentation.png
Processed_Dataset/segmentation/images\ISIC_0000080.jpg,Processed_Dataset/segmentation/masks\ISIC_0000080_segmentation.png
Processed_Dataset/segmentation/images\ISIC_0012238.jpg,Processed_Dataset/segmentation/masks\ISIC_0012238_segmentation.png
Processed_Dataset/segmentation/images\ISIC_0011101.jpg,Processed_Dataset/segmentation/masks\ISIC_0011101_segmentation.png
Processed_Dataset/segmentation/images\ISIC_0001367.jpg,Processed_Dataset/segmentation/masks\ISIC_0001367_segmentation.png
Processed_Dataset/segmentation/images\ISIC_0010187.jpg,Processed_Dataset/segmentation/masks\ISIC_0010187_segmentation.png
Processed_Dataset/segmentation/images\ISIC_0010562.jpg,Processed_Dataset/segmentation/masks\ISIC_0010562_segmentation.png
Processed_Dataset/segmentation/images\ISIC_0008552.jpg,Processed_Dataset/segmentation/masks\ISIC_0008552_segmentation.png
Processed_Dataset/segmentation/images\ISIC_0000126.jpg,Processed_Dataset/segmentation/masks\ISIC_0000126_segmentation.png
Processed_Dataset/segmentation/images\ISIC_0000511.jpg,Processed_Dataset/segmentation/masks\ISIC_0000511_segmentation.png
Processed_Dataset/segmentation/images\ISIC_0008116.jpg,Processed_Dataset/segmentation/masks\ISIC_0008116_segmentation.png
Processed_Dataset/segmentation/images\ISIC_0008236.jpg,Processed_Dataset/segmentation/masks\ISIC_0008236_segmentation.png
Processed_Dataset/segmentation/images\ISIC_0010851.jpg,Processed_Dataset/segmentation/masks\ISIC_0010851_segmentation.png
Processed_Dataset/segmentation/images\ISIC_0000098.jpg,Processed_Dataset/segmentation/masks\ISIC_0000098_segmentation.png
Processed_Dataset/segmentation/images\ISIC_0011117.jpg,Processed_Dataset/segmentation/masks\ISIC_0011117_segmentation.png
Processed_Dataset/segmentation/images\ISIC_0012303.jpg,Processed_Dataset/segmentation/masks\ISIC_0012303_segmentation.png
Processed_Dataset/segmentation/images\ISIC_0010016.jpg,Processed_Dataset/segmentation/masks\ISIC_0010016_segmentation.png
Processed_Dataset/segmentation/images\ISIC_0001299.jpg,Processed_Dataset/segmentation/masks\ISIC_0001299_segmentation.png
Processed_Dataset/segmentation/images\ISIC_0012384.jpg,Processed_Dataset/segmentation/masks\ISIC_0012384_segmentation.png
Processed_Dataset/segmentation/images\ISIC_0012448.jpg,Processed_Dataset/segmentation/masks\ISIC_0012448_segmentation.png
Processed_Dataset/segmentation/images\ISIC_0011119.jpg,Processed_Dataset/segmentation/masks\ISIC_0011119_segmentation.png
Processed_Dataset/segmentation/images\ISIC_0000014.jpg,Processed_Dataset/segmentation/masks\ISIC_0000014_segmentation.png
Processed_Dataset/segmentation/images\ISIC_0000488.jpg,Processed_Dataset/segmentation/masks\ISIC_0000488_segmentation.png
Processed_Dataset/segmentation/images\ISIC_0010358.jpg,Processed_Dataset/segmentation/masks\ISIC_0010358_segmentation.png
Processed_Dataset/segmentation/images\ISIC_0004168.jpg,Processed_Dataset/segmentation/masks\ISIC_0004168_segmentation.png
Processed_Dataset/segmentation/images\ISIC_0000046.jpg,Processed_Dataset/segmentation/masks\ISIC_0000046_segmentation.png
Processed_Dataset/segmentation/images\ISIC_0010219.jpg,Processed_Dataset/segmentation/masks\ISIC_0010219_segmentation.png
Processed_Dataset/segmentation/images\ISIC_0000186.jpg,Processed_Dataset/segmentation/masks\ISIC_0000186_segmentation.png
Processed_Dataset/segmentation/images\ISIC_0000510.jpg,Processed_Dataset/segmentation/masks\ISIC_0000510_segmentation.png
Processed_Dataset/segmentation/images\ISIC_0006671.jpg,Processed_Dataset/segmentation/masks\ISIC_0006671_segmentation.png
Processed_Dataset/segmentation/images\ISIC_0010205.jpg,Processed_Dataset/segmentation/masks\ISIC_0010205_segmentation.png
Processed_Dataset/segmentation/images\ISIC_0000310.jpg,Processed_Dataset/segmentation/masks\ISIC_0000310_segmentation.png
Processed_Dataset/segmentation/images\ISIC_0011390.jpg,Processed_Dataset/segmentation/masks\ISIC_0011390_segmentation.png
Processed_Dataset/segmentation/images\ISIC_0000522.jpg,Processed_Dataset/segmentation/masks\ISIC_0000522_segmentation.png
Processed_Dataset/segmentation/images\ISIC_0009935.jpg,Processed_Dataset/segmentation/masks\ISIC_0009935_segmentation.png
Processed_Dataset/segmentation/images\ISIC_0003308.jpg,Processed_Dataset/segmentation/masks\ISIC_0003308_segmentation.png
Processed_Dataset/segmentation/images\ISIC_0012245.jpg,Processed_Dataset/segmentation/masks\ISIC_0012245_segmentation.png
Processed_Dataset/segmentation/images\ISIC_0009915.jpg,Processed_Dataset/segmentation/masks\ISIC_0009915_segmentation.png
Processed_Dataset/segmentation/images\ISIC_0009934.jpg,Processed_Dataset/segmentation/masks\ISIC_0009934_segmentation.png
Processed_Dataset/segmentation/images\ISIC_0011383.jpg,Processed_Dataset/segmentation/masks\ISIC_0011383_segmentation.png
Processed_Dataset/segmentation/images\ISIC_0010233.jpg,Processed_Dataset/segmentation/masks\ISIC_0010233_segmentation.png
Processed_Dataset/segmentation/images\ISIC_0012374.jpg,Processed_Dataset/segmentation/masks\ISIC_0012374_segmentation.png
Processed_Dataset/segmentation/images\ISIC_0000176.jpg,Processed_Dataset/segmentation/masks\ISIC_0000176_segmentation.png
Processed_Dataset/segmentation/images\ISIC_0011161.jpg,Processed_Dataset/segmentation/masks\ISIC_0011161_segmentation.png
Processed_Dataset/segmentation/images\ISIC_0000294.jpg,Processed_Dataset/segmentation/masks\ISIC_0000294_segmentation.png
Processed_Dataset/segmentation/images\ISIC_0011139.jpg,Processed_Dataset/segmentation/masks\ISIC_0011139_segmentation.png
Processed_Dataset/segmentation/images\ISIC_0000391.jpg,Processed_Dataset/segmentation/masks\ISIC_0000391_segmentation.png
Processed_Dataset/segmentation/images\ISIC_0012253.jpg,Processed_Dataset/segmentation/masks\ISIC_0012253_segmentation.png
Processed_Dataset/segmentation/images\ISIC_0000018.jpg,Processed_Dataset/segmentation/masks\ISIC_0000018_segmentation.png
Processed_Dataset/segmentation/images\ISIC_0002246.jpg,Processed_Dataset/segmentation/masks\ISIC_0002246_segmentation.png
Processed_Dataset/segmentation/images\ISIC_0000379.jpg,Processed_Dataset/segmentation/masks\ISIC_0000379_segmentation.png
Processed_Dataset/segmentation/images\ISIC_0010037.jpg,Processed_Dataset/segmentation/masks\ISIC_0010037_segmentation.png
Processed_Dataset/segmentation/images\ISIC_0008294.jpg,Processed_Dataset/segmentation/masks\ISIC_0008294_segmentation.png
Processed_Dataset/segmentation/images\ISIC_0011378.jpg,Processed_Dataset/segmentation/masks\ISIC_0011378_segmentation.png
Processed_Dataset/segmentation/images\ISIC_0010481.jpg,Processed_Dataset/segmentation/masks\ISIC_0010481_segmentation.png
Processed_Dataset/segmentation/images\ISIC_0010332.jpg,Processed_Dataset/segmentation/masks\ISIC_0010332_segmentation.png
Processed_Dataset/segmentation/images\ISIC_0000246.jpg,Processed_Dataset/segmentation/masks\ISIC_0000246_segmentation.png
Processed_Dataset/segmentation/images\ISIC_0000200.jpg,Processed_Dataset/segmentation/masks\ISIC_0000200_segmentation.png
Processed_Dataset/segmentation/images\ISIC_0011315.jpg,Processed_Dataset/segmentation/masks\ISIC_0011315_segmentation.png
Processed_Dataset/segmentation/images\ISIC_0000109.jpg,Processed_Dataset/segmentation/masks\ISIC_0000109_segmentation.png
Processed_Dataset/segmentation/images\ISIC_0010207.jpg,Processed_Dataset/segmentation/masks\ISIC_0010207_segmentation.png
Processed_Dataset/segmentation/images\ISIC_0010020.jpg,Processed_Dataset/segmentation/masks\ISIC_0010020_segmentation.png
Processed_Dataset/segmentation/images\ISIC_0002439.jpg,Processed_Dataset/segmentation/masks\ISIC_0002439_segmentation.png
Processed_Dataset/segmentation/images\ISIC_0010024.jpg,Processed_Dataset/segmentation/masks\ISIC_0010024_segmentation.png
Processed_Dataset/segmentation/images\ISIC_0000025.jpg,Processed_Dataset/segmentation/masks\ISIC_0000025_segmentation.png
Processed_Dataset/segmentation/images\ISIC_0000426.jpg,Processed_Dataset/segmentation/masks\ISIC_0000426_segmentation.png
Processed_Dataset/segmentation/images\ISIC_0009987.jpg,Processed_Dataset/segmentation/masks\ISIC_0009987_segmentation.png
Processed_Dataset/segmentation/images\ISIC_0011208.jpg,Processed_Dataset/segmentation/masks\ISIC_0011208_segmentation.png
Processed_Dataset/segmentation/images\ISIC_0012212.jpg,Processed_Dataset/segmentation/masks\ISIC_0012212_segmentation.png
Processed_Dataset/segmentation/images\ISIC_0008406.jpg,Processed_Dataset/segmentation/masks\ISIC_0008406_segmentation.png
Processed_Dataset/segmentation/images\ISIC_0011306.jpg,Processed_Dataset/segmentation/masks\ISIC_0011306_segmentation.png
Processed_Dataset/segmentation/images\ISIC_0000397.jpg,Processed_Dataset/segmentation/masks\ISIC_0000397_segmentation.png
Processed_Dataset/segmentation/images\ISIC_0000528.jpg,Processed_Dataset/segmentation/masks\ISIC_0000528_segmentation.png
Processed_Dataset/segmentation/images\ISIC_0010468.jpg,Processed_Dataset/segmentation/masks\ISIC_0010468_segmentation.png
Processed_Dataset/segmentation/images\ISIC_0000240.jpg,Processed_Dataset/segmentation/masks\ISIC_0000240_segmentation.png
Processed_Dataset/segmentation/images\ISIC_0000224.jpg,Processed_Dataset/segmentation/masks\ISIC_0000224_segmentation.png
Processed_Dataset/segmentation/images\ISIC_0011166.jpg,Processed_Dataset/segmentation/masks\ISIC_0011166_segmentation.png
Processed_Dataset/segmentation/images\ISIC_0011159.jpg,Processed_Dataset/segmentation/masks\ISIC_0011159_segmentation.png
Processed_Dataset/segmentation/images\ISIC_0000102.jpg,Processed_Dataset/segmentation/masks\ISIC_0000102_segmentation.png
Processed_Dataset/segmentation/images\ISIC_0012164.jpg,Processed_Dataset/segmentation/masks\ISIC_0012164_segmentation.png
Processed_Dataset/segmentation/images\ISIC_0000073.jpg,Processed_Dataset/segmentation/masks\ISIC_0000073_segmentation.png
Processed_Dataset/segmentation/images\ISIC_0011360.jpg,Processed_Dataset/segmentation/masks\ISIC_0011360_segmentation.png
Processed_Dataset/segmentation/images\ISIC_0000329.jpg,Processed_Dataset/segmentation/masks\ISIC_0000329_segmentation.png
Processed_Dataset/segmentation/images\ISIC_0009941.jpg,Processed_Dataset/segmentation/masks\ISIC_0009941_segmentation.png
Processed_Dataset/segmentation/images\ISIC_0000094.jpg,Processed_Dataset/segmentation/masks\ISIC_0000094_segmentation.png
Processed_Dataset/segmentation/images\ISIC_0000531.jpg,Processed_Dataset/segmentation/masks\ISIC_0000531_segmentation.png
Processed_Dataset/segmentation/images\ISIC_0012311.jpg,Processed_Dataset/segmentation/masks\ISIC_0012311_segmentation.png
Processed_Dataset/segmentation/images\ISIC_0000169.jpg,Processed_Dataset/segmentation/masks\ISIC_0000169_segmentation.png
Processed_Dataset/segmentation/images\ISIC_0000081.jpg,Processed_Dataset/segmentation/masks\ISIC_0000081_segmentation.png
Processed_Dataset/segmentation/images\ISIC_0011353.jpg,Processed_Dataset/segmentation/masks\ISIC_0011353_segmentation.png
Processed_Dataset/segmentation/images\ISIC_0012464.jpg,Processed_Dataset/segmentation/masks\ISIC_0012464_segmentation.png
Processed_Dataset/segmentation/images\ISIC_0010067.jpg,Processed_Dataset/segmentation/masks\ISIC_0010067_segmentation.png
Processed_Dataset/segmentation/images\ISIC_0006800.jpg,Processed_Dataset/segmentation/masks\ISIC_0006800_segmentation.png
Processed_Dataset/segmentation/images\ISIC_0000543.jpg,Processed_Dataset/segmentation/masks\ISIC_0000543_segmentation.png
Processed_Dataset/segmentation/images\ISIC_0009948.jpg,Processed_Dataset/segmentation/masks\ISIC_0009948_segmentation.png
Processed_Dataset/segmentation/images\ISIC_0000209.jpg,Processed_Dataset/segmentation/masks\ISIC_0000209_segmentation.png
Processed_Dataset/segmentation/images\ISIC_0000315.jpg,Processed_Dataset/segmentation/masks\ISIC_0000315_segmentation.png
Processed_Dataset/segmentation/images\ISIC_0011229.jpg,Processed_Dataset/segmentation/masks\ISIC_0011229_segmentation.png
Processed_Dataset/segmentation/images\ISIC_0010330.jpg,Processed_Dataset/segmentation/masks\ISIC_0010330_segmentation.png
Processed_Dataset/segmentation/images\ISIC_0000262.jpg,Processed_Dataset/segmentation/masks\ISIC_0000262_segmentation.png
Processed_Dataset/segmentation/images\ISIC_0001213.jpg,Processed_Dataset/segmentation/masks\ISIC_0001213_segmentation.png
Processed_Dataset/segmentation/images\ISIC_0012325.jpg,Processed_Dataset/segmentation/masks\ISIC_0012325_segmentation.png
Processed_Dataset/segmentation/images\ISIC_0004715.jpg,Processed_Dataset/segmentation/masks\ISIC_0004715_segmentation.png
Processed_Dataset/segmentation/images\ISIC_0000129.jpg,Processed_Dataset/segmentation/masks\ISIC_0000129_segmentation.png
Processed_Dataset/segmentation/images\ISIC_0009344.jpg,Processed_Dataset/segmentation/masks\ISIC_0009344_segmentation.png
Processed_Dataset/segmentation/images\ISIC_0012116.jpg,Processed_Dataset/segmentation/masks\ISIC_0012116_segmentation.png
Processed_Dataset/segmentation/images\ISIC_0010089.jpg,Processed_Dataset/segmentation/masks\ISIC_0010089_segmentation.png
Processed_Dataset/segmentation/images\ISIC_0010013.jpg,Processed_Dataset/segmentation/masks\ISIC_0010013_segmentation.png
Processed_Dataset/segmentation/images\ISIC_0002093.jpg,Processed_Dataset/segmentation/masks\ISIC_0002093_segmentation.png
Processed_Dataset/segmentation/images\ISIC_0009201.jpg,Processed_Dataset/segmentation/masks\ISIC_0009201_segmentation.png
Processed_Dataset/segmentation/images\ISIC_0010474.jpg,Processed_Dataset/segmentation/masks\ISIC_0010474_segmentation.png
Processed_Dataset/segmentation/images\ISIC_0011303.jpg,Processed_Dataset/segmentation/masks\ISIC_0011303_segmentation.png
Processed_Dataset/segmentation/images\ISIC_0010362.jpg,Processed_Dataset/segmentation/masks\ISIC_0010362_segmentation.png
Processed_Dataset/segmentation/images\ISIC_0012143.jpg,Processed_Dataset/segmentation/masks\ISIC_0012143_segmentation.png
Processed_Dataset/segmentation/images\ISIC_0000139.jpg,Processed_Dataset/segmentation/masks\ISIC_0000139_segmentation.png
Processed_Dataset/segmentation/images\ISIC_0010069.jpg,Processed_Dataset/segmentation/masks\ISIC_0010069_segmentation.png
Processed_Dataset/segmentation/images\ISIC_0010192.jpg,Processed_Dataset/segmentation/masks\ISIC_0010192_segmentation.png
Processed_Dataset/segmentation/images\ISIC_0000128.jpg,Processed_Dataset/segmentation/masks\ISIC_0000128_segmentation.png
Processed_Dataset/segmentation/images\ISIC_0001140.jpg,Processed_Dataset/segmentation/masks\ISIC_0001140_segmentation.png
Processed_Dataset/segmentation/images\ISIC_0009995.jpg,Processed_Dataset/segmentation/masks\ISIC_0009995_segmentation.png
Processed_Dataset/segmentation/images\ISIC_0011296.jpg,Processed_Dataset/segmentation/masks\ISIC_0011296_segmentation.png
Processed_Dataset/segmentation/images\ISIC_0000061.jpg,Processed_Dataset/segmentation/masks\ISIC_0000061_segmentation.png
Processed_Dataset/segmentation/images\ISIC_0008207.jpg,Processed_Dataset/segmentation/masks\ISIC_0008207_segmentation.png
Processed_Dataset/segmentation/images\ISIC_0010063.jpg,Processed_Dataset/segmentation/masks\ISIC_0010063_segmentation.png
Processed_Dataset/segmentation/images\ISIC_0010194.jpg,Processed_Dataset/segmentation/masks\ISIC_0010194_segmentation.png
Processed_Dataset/segmentation/images\ISIC_0000132.jpg,Processed_Dataset/segmentation/masks\ISIC_0000132_segmentation.png
Processed_Dataset/segmentation/images\ISIC_0009883.jpg,Processed_Dataset/segmentation/masks\ISIC_0009883_segmentation.png
Processed_Dataset/segmentation/images\ISIC_0011135.jpg,Processed_Dataset/segmentation/masks\ISIC_0011135_segmentation.png
Processed_Dataset/segmentation/images\ISIC_0009904.jpg,Processed_Dataset/segmentation/masks\ISIC_0009904_segmentation.png
Processed_Dataset/segmentation/images\ISIC_0000116.jpg,Processed_Dataset/segmentation/masks\ISIC_0000116_segmentation.png
Processed_Dataset/segmentation/images\ISIC_0009297.jpg,Processed_Dataset/segmentation/masks\ISIC_0009297_segmentation.png
Processed_Dataset/segmentation/images\ISIC_0000451.jpg,Processed_Dataset/segmentation/masks\ISIC_0000451_segmentation.png
Processed_Dataset/segmentation/images\ISIC_0000311.jpg,Processed_Dataset/segmentation/masks\ISIC_0000311_segmentation.png
Processed_Dataset/segmentation/images\ISIC_0009881.jpg,Processed_Dataset/segmentation/masks\ISIC_0009881_segmentation.png
Processed_Dataset/segmentation/images\ISIC_0010180.jpg,Processed_Dataset/segmentation/masks\ISIC_0010180_segmentation.png
Processed_Dataset/segmentation/images\ISIC_0010462.jpg,Processed_Dataset/segmentation/masks\ISIC_0010462_segmentation.png
Processed_Dataset/segmentation/images\ISIC_0010184.jpg,Processed_Dataset/segmentation/masks\ISIC_0010184_segmentation.png
Processed_Dataset/segmentation/images\ISIC_0012208.jpg,Processed_Dataset/segmentation/masks\ISIC_0012208_segmentation.png
Processed_Dataset/segmentation/images\ISIC_0000050.jpg,Processed_Dataset/segmentation/masks\ISIC_0000050_segmentation.png
Processed_Dataset/segmentation/images\ISIC_0000416.jpg,Processed_Dataset/segmentation/masks\ISIC_0000416_segmentation.png
Processed_Dataset/segmentation/images\ISIC_0011341.jpg,Processed_Dataset/segmentation/masks\ISIC_0011341_segmentation.png
Processed_Dataset/segmentation/images\ISIC_0010319.jpg,Processed_Dataset/segmentation/masks\ISIC_0010319_segmentation.png
Processed_Dataset/segmentation/images\ISIC_0010044.jpg,Processed_Dataset/segmentation/masks\ISIC_0010044_segmentation.png
Processed_Dataset/segmentation/images\ISIC_0000216.jpg,Processed_Dataset/segmentation/masks\ISIC_0000216_segmentation.png
Processed_Dataset/segmentation/images\ISIC_0000112.jpg,Processed_Dataset/segmentation/masks\ISIC_0000112_segmentation.png
Processed_Dataset/segmentation/images\ISIC_0000006.jpg,Processed_Dataset/segmentation/masks\ISIC_0000006_segmentation.png
Processed_Dataset/segmentation/images\ISIC_0008659.jpg,Processed_Dataset/segmentation/masks\ISIC_0008659_segmentation.png
Processed_Dataset/segmentation/images\ISIC_0006114.jpg,Processed_Dataset/segmentation/masks\ISIC_0006114_segmentation.png
Processed_Dataset/segmentation/images\ISIC_0000056.jpg,Processed_Dataset/segmentation/masks\ISIC_0000056_segmentation.png
Processed_Dataset/segmentation/images\ISIC_0000301.jpg,Processed_Dataset/segmentation/masks\ISIC_0000301_segmentation.png
Processed_Dataset/segmentation/images\ISIC_0012160.jpg,Processed_Dataset/segmentation/masks\ISIC_0012160_segmentation.png
Processed_Dataset/segmentation/images\ISIC_0000540.jpg,Processed_Dataset/segmentation/masks\ISIC_0000540_segmentation.png
Processed_Dataset/segmentation/images\ISIC_0011213.jpg,Processed_Dataset/segmentation/masks\ISIC_0011213_segmentation.png
Processed_Dataset/segmentation/images\ISIC_0010059.jpg,Processed_Dataset/segmentation/masks\ISIC_0010059_segmentation.png
Processed_Dataset/segmentation/images\ISIC_0010212.jpg,Processed_Dataset/segmentation/masks\ISIC_0010212_segmentation.png
Processed_Dataset/segmentation/images\ISIC_0012118.jpg,Processed_Dataset/segmentation/masks\ISIC_0012118_segmentation.png
Processed_Dataset/segmentation/images\ISIC_0009936.jpg,Processed_Dataset/segmentation/masks\ISIC_0009936_segmentation.png
Processed_Dataset/segmentation/images\ISIC_0000353.jpg,Processed_Dataset/segmentation/masks\ISIC_0000353_segmentation.png
Processed_Dataset/segmentation/images\ISIC_0000403.jpg,Processed_Dataset/segmentation/masks\ISIC_0000403_segmentation.png
Processed_Dataset/segmentation/images\ISIC_0011104.jpg,Processed_Dataset/segmentation/masks\ISIC_0011104_segmentation.png
Processed_Dataset/segmentation/images\ISIC_0000364.jpg,Processed_Dataset/segmentation/masks\ISIC_0000364_segmentation.png
Processed_Dataset/segmentation/images\ISIC_0000164.jpg,Processed_Dataset/segmentation/masks\ISIC_0000164_segmentation.png
Processed_Dataset/segmentation/images\ISIC_0000137.jpg,Processed_Dataset/segmentation/masks\ISIC_0000137_segmentation.png
Processed_Dataset/segmentation/images\ISIC_0011398.jpg,Processed_Dataset/segmentation/masks\ISIC_0011398_segmentation.png
Processed_Dataset/segmentation/images\ISIC_0006612.jpg,Processed_Dataset/segmentation/masks\ISIC_0006612_segmentation.png
Processed_Dataset/segmentation/images\ISIC_0009942.jpg,Processed_Dataset/segmentation/masks\ISIC_0009942_segmentation.png
Processed_Dataset/segmentation/images\ISIC_0009897.jpg,Processed_Dataset/segmentation/masks\ISIC_0009897_segmentation.png
Processed_Dataset/segmentation/images\ISIC_0000054.jpg,Processed_Dataset/segmentation/masks\ISIC_0000054_segmentation.png
Processed_Dataset/segmentation/images\ISIC_0011099.jpg,Processed_Dataset/segmentation/masks\ISIC_0011099_segmentation.png
Processed_Dataset/segmentation/images\ISIC_0010497.jpg,Processed_Dataset/segmentation/masks\ISIC_0010497_segmentation.png
Processed_Dataset/segmentation/images\ISIC_0009976.jpg,Processed_Dataset/segmentation/masks\ISIC_0009976_segmentation.png
Processed_Dataset/segmentation/images\ISIC_0010086.jpg,Processed_Dataset/segmentation/masks\ISIC_0010086_segmentation.png
Processed_Dataset/segmentation/images\ISIC_0010204.jpg,Processed_Dataset/segmentation/masks\ISIC_0010204_segmentation.png
Processed_Dataset/segmentation/images\ISIC_0000421.jpg,Processed_Dataset/segmentation/masks\ISIC_0000421_segmentation.png
Processed_Dataset/segmentation/images\ISIC_0012313.jpg,Processed_Dataset/segmentation/masks\ISIC_0012313_segmentation.png
Processed_Dataset/segmentation/images\ISIC_0000156.jpg,Processed_Dataset/segmentation/masks\ISIC_0000156_segmentation.png
Processed_Dataset/segmentation/images\ISIC_0001131.jpg,Processed_Dataset/segmentation/masks\ISIC_0001131_segmentation.png
Processed_Dataset/segmentation/images\ISIC_0010327.jpg,Processed_Dataset/segmentation/masks\ISIC_0010327_segmentation.png
Processed_Dataset/segmentation/images\ISIC_0010570.jpg,Processed_Dataset/segmentation/masks\ISIC_0010570_segmentation.png
Processed_Dataset/segmentation/images\ISIC_0009879.jpg,Processed_Dataset/segmentation/masks\ISIC_0009879_segmentation.png
Processed_Dataset/segmentation/images\ISIC_0000491.jpg,Processed_Dataset/segmentation/masks\ISIC_0000491_segmentation.png
Processed_Dataset/segmentation/images\ISIC_0001960.jpg,Processed_Dataset/segmentation/masks\ISIC_0001960_segmentation.png
Processed_Dataset/segmentation/images\ISIC_0012306.jpg,Processed_Dataset/segmentation/masks\ISIC_0012306_segmentation.png
Processed_Dataset/segmentation/images\ISIC_0000374.jpg,Processed_Dataset/segmentation/masks\ISIC_0000374_segmentation.png
Processed_Dataset/segmentation/images\ISIC_0000022.jpg,Processed_Dataset/segmentation/masks\ISIC_0000022_segmentation.png
Processed_Dataset/segmentation/images\ISIC_0009929.jpg,Processed_Dataset/segmentation/masks\ISIC_0009929_segmentation.png
Processed_Dataset/segmentation/images\ISIC_0000039.jpg,Processed_Dataset/segmentation/masks\ISIC_0000039_segmentation.png
Processed_Dataset/segmentation/images\ISIC_0010186.jpg,Processed_Dataset/segmentation/masks\ISIC_0010186_segmentation.png
Processed_Dataset/segmentation/images\ISIC_0010356.jpg,Processed_Dataset/segmentation/masks\ISIC_0010356_segmentation.png
Processed_Dataset/segmentation/images\ISIC_0001427.jpg,Processed_Dataset/segmentation/masks\ISIC_0001427_segmentation.png
Processed_Dataset/segmentation/images\ISIC_0010190.jpg,Processed_Dataset/segmentation/masks\ISIC_0010190_segmentation.png
Processed_Dataset/segmentation/images\ISIC_0012099.jpg,Processed_Dataset/segmentation/masks\ISIC_0012099_segmentation.png
Processed_Dataset/segmentation/images\ISIC_0000500.jpg,Processed_Dataset/segmentation/masks\ISIC_0000500_segmentation.png
Processed_Dataset/segmentation/images\ISIC_0010441.jpg,Processed_Dataset/segmentation/masks\ISIC_0010441_segmentation.png
Processed_Dataset/segmentation/images\ISIC_0010177.jpg,Processed_Dataset/segmentation/masks\ISIC_0010177_segmentation.png
Processed_Dataset/segmentation/images\ISIC_0010255.jpg,Processed_Dataset/segmentation/masks\ISIC_0010255_segmentation.png
Processed_Dataset/segmentation/images\ISIC_0002885.jpg,Processed_Dataset/segmentation/masks\ISIC_0002885_segmentation.png
Processed_Dataset/segmentation/images\ISIC_0010021.jpg,Processed_Dataset/segmentation/masks\ISIC_0010021_segmentation.png
Processed_Dataset/segmentation/images\ISIC_0012094.jpg,Processed_Dataset/segmentation/masks\ISIC_0012094_segmentation.png
Processed_Dataset/segmentation/images\ISIC_0011129.jpg,Processed_Dataset/segmentation/masks\ISIC_0011129_segmentation.png
Processed_Dataset/segmentation/images\ISIC_0000042.jpg,Processed_Dataset/segmentation/masks\ISIC_0000042_segmentation.png
Processed_Dataset/segmentation/images\ISIC_0000196.jpg,Processed_Dataset/segmentation/masks\ISIC_0000196_segmentation.png
Processed_Dataset/segmentation/images\ISIC_0000276.jpg,Processed_Dataset/segmentation/masks\ISIC_0000276_segmentation.png
Processed_Dataset/segmentation/images\ISIC_0010061.jpg,Processed_Dataset/segmentation/masks\ISIC_0010061_segmentation.png
Processed_Dataset/segmentation/images\ISIC_0001242.jpg,Processed_Dataset/segmentation/masks\ISIC_0001242_segmentation.png
Processed_Dataset/segmentation/images\ISIC_0000170.jpg,Processed_Dataset/segmentation/masks\ISIC_0000170_segmentation.png
Processed_Dataset/segmentation/images\ISIC_0010553.jpg,Processed_Dataset/segmentation/masks\ISIC_0010553_segmentation.png
Processed_Dataset/segmentation/images\ISIC_0010235.jpg,Processed_Dataset/segmentation/masks\ISIC_0010235_segmentation.png
Processed_Dataset/segmentation/images\ISIC_0008993.jpg,Processed_Dataset/segmentation/masks\ISIC_0008993_segmentation.png
Processed_Dataset/segmentation/images\ISIC_0009930.jpg,Processed_Dataset/segmentation/masks\ISIC_0009930_segmentation.png
Processed_Dataset/segmentation/images\ISIC_0005787.jpg,Processed_Dataset/segmentation/masks\ISIC_0005787_segmentation.png
Processed_Dataset/segmentation/images\ISIC_0012285.jpg,Processed_Dataset/segmentation/masks\ISIC_0012285_segmentation.png
Processed_Dataset/segmentation/images\ISIC_0000020.jpg,Processed_Dataset/segmentation/masks\ISIC_0000020_segmentation.png
Processed_Dataset/segmentation/images\ISIC_0000140.jpg,Processed_Dataset/segmentation/masks\ISIC_0000140_segmentation.png
Processed_Dataset/segmentation/images\ISIC_0010449.jpg,Processed_Dataset/segmentation/masks\ISIC_0010449_segmentation.png
Processed_Dataset/segmentation/images\ISIC_0010587.jpg,Processed_Dataset/segmentation/masks\ISIC_0010587_segmentation.png
Processed_Dataset/segmentation/images\ISIC_0012379.jpg,Processed_Dataset/segmentation/masks\ISIC_0012379_segmentation.png
Processed_Dataset/segmentation/images\ISIC_0000211.jpg,Processed_Dataset/segmentation/masks\ISIC_0000211_segmentation.png
Processed_Dataset/segmentation/images\ISIC_0010602.jpg,Processed_Dataset/segmentation/masks\ISIC_0010602_segmentation.png
Processed_Dataset/segmentation/images\ISIC_0012363.jpg,Processed_Dataset/segmentation/masks\ISIC_0012363_segmentation.png
Processed_Dataset/segmentation/images\ISIC_0008280.jpg,Processed_Dataset/segmentation/masks\ISIC_0008280_segmentation.png
Processed_Dataset/segmentation/images\ISIC_0000201.jpg,Processed_Dataset/segmentation/masks\ISIC_0000201_segmentation.png
Processed_Dataset/segmentation/images\ISIC_0000350.jpg,Processed_Dataset/segmentation/masks\ISIC_0000350_segmentation.png
Processed_Dataset/segmentation/images\ISIC_0001292.jpg,Processed_Dataset/segmentation/masks\ISIC_0001292_segmentation.png
Processed_Dataset/segmentation/images\ISIC_0011343.jpg,Processed_Dataset/segmentation/masks\ISIC_0011343_segmentation.png
Processed_Dataset/segmentation/images\ISIC_0012223.jpg,Processed_Dataset/segmentation/masks\ISIC_0012223_segmentation.png
Processed_Dataset/segmentation/images\ISIC_0002287.jpg,Processed_Dataset/segmentation/masks\ISIC_0002287_segmentation.png
Processed_Dataset/segmentation/images\ISIC_0001152.jpg,Processed_Dataset/segmentation/masks\ISIC_0001152_segmentation.png
Processed_Dataset/segmentation/images\ISIC_0000173.jpg,Processed_Dataset/segmentation/masks\ISIC_0000173_segmentation.png
Processed_Dataset/segmentation/images\ISIC_0000019.jpg,Processed_Dataset/segmentation/masks\ISIC_0000019_segmentation.png
Processed_Dataset/segmentation/images\ISIC_0003462.jpg,Processed_Dataset/segmentation/masks\ISIC_0003462_segmentation.png
Processed_Dataset/segmentation/images\ISIC_0009885.jpg,Processed_Dataset/segmentation/masks\ISIC_0009885_segmentation.png
Processed_Dataset/segmentation/images\ISIC_0011357.jpg,Processed_Dataset/segmentation/masks\ISIC_0011357_segmentation.png
Processed_Dataset/segmentation/images\ISIC_0011083.jpg,Processed_Dataset/segmentation/masks\ISIC_0011083_segmentation.png
Processed_Dataset/segmentation/images\ISIC_0011227.jpg,Processed_Dataset/segmentation/masks\ISIC_0011227_segmentation.png
Processed_Dataset/segmentation/images\ISIC_0010498.jpg,Processed_Dataset/segmentation/masks\ISIC_0010498_segmentation.png
Processed_Dataset/segmentation/images\ISIC_0012257.jpg,Processed_Dataset/segmentation/masks\ISIC_0012257_segmentation.png
Processed_Dataset/segmentation/images\ISIC_0000328.jpg,Processed_Dataset/segmentation/masks\ISIC_0000328_segmentation.png
Processed_Dataset/segmentation/images\ISIC_0010078.jpg,Processed_Dataset/segmentation/masks\ISIC_0010078_segmentation.png
Processed_Dataset/segmentation/images\ISIC_0000250.jpg,Processed_Dataset/segmentation/masks\ISIC_0000250_segmentation.png
Processed_Dataset/segmentation/images\ISIC_0000029.jpg,Processed_Dataset/segmentation/masks\ISIC_0000029_segmentation.png
Processed_Dataset/segmentation/images\ISIC_0000534.jpg,Processed_Dataset/segmentation/masks\ISIC_0000534_segmentation.png
Processed_Dataset/segmentation/images\ISIC_0012348.jpg,Processed_Dataset/segmentation/masks\ISIC_0012348_segmentation.png
Processed_Dataset/segmentation/images\ISIC_0000254.jpg,Processed_Dataset/segmentation/masks\ISIC_0000254_segmentation.png
Processed_Dataset/segmentation/images\ISIC_0000041.jpg,Processed_Dataset/segmentation/masks\ISIC_0000041_segmentation.png
Processed_Dataset/segmentation/images\ISIC_0010011.jpg,Processed_Dataset/segmentation/masks\ISIC_0010011_segmentation.png
Processed_Dataset/segmentation/images\ISIC_0011123.jpg,Processed_Dataset/segmentation/masks\ISIC_0011123_segmentation.png
Processed_Dataset/segmentation/images\ISIC_0001128.jpg,Processed_Dataset/segmentation/masks\ISIC_0001128_segmentation.png
Processed_Dataset/segmentation/images\ISIC_0011326.jpg,Processed_Dataset/segmentation/masks\ISIC_0011326_segmentation.png
Processed_Dataset/segmentation/images\ISIC_0012382.jpg,Processed_Dataset/segmentation/masks\ISIC_0012382_segmentation.png
Processed_Dataset/segmentation/images\ISIC_0009932.jpg,Processed_Dataset/segmentation/masks\ISIC_0009932_segmentation.png
Processed_Dataset/segmentation/images\ISIC_0012191.jpg,Processed_Dataset/segmentation/masks\ISIC_0012191_segmentation.png
Processed_Dataset/segmentation/images\ISIC_0009504.jpg,Processed_Dataset/segmentation/masks\ISIC_0009504_segmentation.png
Processed_Dataset/segmentation/images\ISIC_0011347.jpg,Processed_Dataset/segmentation/masks\ISIC_0011347_segmentation.png
Processed_Dataset/segmentation/images\ISIC_0011220.jpg,Processed_Dataset/segmentation/masks\ISIC_0011220_segmentation.png
Processed_Dataset/segmentation/images\ISIC_0012149.jpg,Processed_Dataset/segmentation/masks\ISIC_0012149_segmentation.png
Processed_Dataset/segmentation/images\ISIC_0010088.jpg,Processed_Dataset/segmentation/masks\ISIC_0010088_segmentation.png
Processed_Dataset/segmentation/images\ISIC_0000177.jpg,Processed_Dataset/segmentation/masks\ISIC_0000177_segmentation.png
Processed_Dataset/segmentation/images\ISIC_0010494.jpg,Processed_Dataset/segmentation/masks\ISIC_0010494_segmentation.png
Processed_Dataset/segmentation/images\ISIC_0010183.jpg,Processed_Dataset/segmentation/masks\ISIC_0010183_segmentation.png
Processed_Dataset/segmentation/images\ISIC_0011305.jpg,Processed_Dataset/segmentation/masks\ISIC_0011305_segmentation.png
Processed_Dataset/segmentation/images\ISIC_0010320.jpg,Processed_Dataset/segmentation/masks\ISIC_0010320_segmentation.png
Processed_Dataset/segmentation/images\ISIC_0010372.jpg,Processed_Dataset/segmentation/masks\ISIC_0010372_segmentation.png
Processed_Dataset/segmentation/images\ISIC_0000167.jpg,Processed_Dataset/segmentation/masks\ISIC_0000167_segmentation.png
Processed_Dataset/segmentation/images\ISIC_0012177.jpg,Processed_Dataset/segmentation/masks\ISIC_0012177_segmentation.png
Processed_Dataset/segmentation/images\ISIC_0001852.jpg,Processed_Dataset/segmentation/masks\ISIC_0001852_segmentation.png
Processed_Dataset/segmentation/images\ISIC_0011228.jpg,Processed_Dataset/segmentation/masks\ISIC_0011228_segmentation.png
Processed_Dataset/segmentation/images\ISIC_0000113.jpg,Processed_Dataset/segmentation/masks\ISIC_0000113_segmentation.png
Processed_Dataset/segmentation/images\ISIC_0007087.jpg,Processed_Dataset/segmentation/masks\ISIC_0007087_segmentation.png
Processed_Dataset/segmentation/images\ISIC_0011393.jpg,Processed_Dataset/segmentation/masks\ISIC_0011393_segmentation.png
Processed_Dataset/segmentation/images\ISIC_0000057.jpg,Processed_Dataset/segmentation/masks\ISIC_0000057_segmentation.png
Processed_Dataset/segmentation/images\ISIC_0000166.jpg,Processed_Dataset/segmentation/masks\ISIC_0000166_segmentation.png
Processed_Dataset/segmentation/images\ISIC_0000495.jpg,Processed_Dataset/segmentation/masks\ISIC_0000495_segmentation.png
Processed_Dataset/segmentation/images\ISIC_0000228.jpg,Processed_Dataset/segmentation/masks\ISIC_0000228_segmentation.png
Processed_Dataset/segmentation/images\ISIC_0012266.jpg,Processed_Dataset/segmentation/masks\ISIC_0012266_segmentation.png
Processed_Dataset/segmentation/images\ISIC_0000011.jpg,Processed_Dataset/segmentation/masks\ISIC_0000011_segmentation.png
Processed_Dataset/segmentation/images\ISIC_0010863.jpg,Processed_Dataset/segmentation/masks\ISIC_0010863_segmentation.png
Processed_Dataset/segmentation/images\ISIC_0011149.jpg,Processed_Dataset/segmentation/masks\ISIC_0011149_segmentation.png
Processed_Dataset/segmentation/images\ISIC_0000549.jpg,Processed_Dataset/segmentation/masks\ISIC_0000549_segmentation.png
Processed_Dataset/segmentation/images\ISIC_0000288.jpg,Processed_Dataset/segmentation/masks\ISIC_0000288_segmentation.png
Processed_Dataset/segmentation/images\ISIC_0010346.jpg,Processed_Dataset/segmentation/masks\ISIC_0010346_segmentation.png
Processed_Dataset/segmentation/images\ISIC_0011362.jpg,Processed_Dataset/segmentation/masks\ISIC_0011362_segmentation.png
Processed_Dataset/segmentation/images\ISIC_0010323.jpg,Processed_Dataset/segmentation/masks\ISIC_0010323_segmentation.png
Processed_Dataset/segmentation/images\ISIC_0012261.jpg,Processed_Dataset/segmentation/masks\ISIC_0012261_segmentation.png
Processed_Dataset/segmentation/images\ISIC_0008913.jpg,Processed_Dataset/segmentation/masks\ISIC_0008913_segmentation.png
Processed_Dataset/segmentation/images\ISIC_0000410.jpg,Processed_Dataset/segmentation/masks\ISIC_0000410_segmentation.png
Processed_Dataset/segmentation/images\ISIC_0011334.jpg,Processed_Dataset/segmentation/masks\ISIC_0011334_segmentation.png
Processed_Dataset/segmentation/images\ISIC_0000300.jpg,Processed_Dataset/segmentation/masks\ISIC_0000300_segmentation.png
Processed_Dataset/segmentation/images\ISIC_0000165.jpg,Processed_Dataset/segmentation/masks\ISIC_0000165_segmentation.png
Processed_Dataset/segmentation/images\ISIC_0001134.jpg,Processed_Dataset/segmentation/masks\ISIC_0001134_segmentation.png
Processed_Dataset/segmentation/images\ISIC_0009533.jpg,Processed_Dataset/segmentation/masks\ISIC_0009533_segmentation.png
Processed_Dataset/segmentation/images\ISIC_0012425.jpg,Processed_Dataset/segmentation/masks\ISIC_0012425_segmentation.png
Processed_Dataset/segmentation/images\ISIC_0012258.jpg,Processed_Dataset/segmentation/masks\ISIC_0012258_segmentation.png
Processed_Dataset/segmentation/images\ISIC_0003657.jpg,Processed_Dataset/segmentation/masks\ISIC_0003657_segmentation.png
Processed_Dataset/segmentation/images\ISIC_0010452.jpg,Processed_Dataset/segmentation/masks\ISIC_0010452_segmentation.png
Processed_Dataset/segmentation/images\ISIC_0001216.jpg,Processed_Dataset/segmentation/masks\ISIC_0001216_segmentation.png
Processed_Dataset/segmentation/images\ISIC_0012134.jpg,Processed_Dataset/segmentation/masks\ISIC_0012134_segmentation.png
Processed_Dataset/segmentation/images\ISIC_0000161.jpg,Processed_Dataset/segmentation/masks\ISIC_0000161_segmentation.png
Processed_Dataset/segmentation/images\ISIC_0000494.jpg,Processed_Dataset/segmentation/masks\ISIC_0000494_segmentation.png
Processed_Dataset/segmentation/images\ISIC_0010492.jpg,Processed_Dataset/segmentation/masks\ISIC_0010492_segmentation.png
Processed_Dataset/segmentation/images\ISIC_0012248.jpg,Processed_Dataset/segmentation/masks\ISIC_0012248_segmentation.png
Processed_Dataset/segmentation/images\ISIC_0009888.jpg,Processed_Dataset/segmentation/masks\ISIC_0009888_segmentation.png
Processed_Dataset/segmentation/images\ISIC_0001103.jpg,Processed_Dataset/segmentation/masks\ISIC_0001103_segmentation.png
Processed_Dataset/segmentation/images\ISIC_0000207.jpg,Processed_Dataset/segmentation/masks\ISIC_0000207_segmentation.png
Processed_Dataset/segmentation/images\ISIC_0008347.jpg,Processed_Dataset/segmentation/masks\ISIC_0008347_segmentation.png
Processed_Dataset/segmentation/images\ISIC_0000157.jpg,Processed_Dataset/segmentation/masks\ISIC_0000157_segmentation.png
Processed_Dataset/segmentation/images\ISIC_0010014.jpg,Processed_Dataset/segmentation/masks\ISIC_0010014_segmentation.png
Processed_Dataset/segmentation/images\ISIC_0010588.jpg,Processed_Dataset/segmentation/masks\ISIC_0010588_segmentation.png
Processed_Dataset/segmentation/images\ISIC_0000218.jpg,Processed_Dataset/segmentation/masks\ISIC_0000218_segmentation.png
Processed_Dataset/segmentation/images\ISIC_0010329.jpg,Processed_Dataset/segmentation/masks\ISIC_0010329_segmentation.png
Processed_Dataset/segmentation/images\ISIC_0000324.jpg,Processed_Dataset/segmentation/masks\ISIC_0000324_segmentation.png
Processed_Dataset/segmentation/images\ISIC_0000341.jpg,Processed_Dataset/segmentation/masks\ISIC_0000341_segmentation.png
Processed_Dataset/segmentation/images\ISIC_0012151.jpg,Processed_Dataset/segmentation/masks\ISIC_0012151_segmentation.png
Processed_Dataset/segmentation/images\ISIC_0000492.jpg,Processed_Dataset/segmentation/masks\ISIC_0000492_segmentation.png
Processed_Dataset/segmentation/images\ISIC_0000135.jpg,Processed_Dataset/segmentation/masks\ISIC_0000135_segmentation.png
Processed_Dataset/segmentation/images\ISIC_0000223.jpg,Processed_Dataset/segmentation/masks\ISIC_0000223_segmentation.png
Processed_Dataset/segmentation/images\ISIC_0010206.jpg,Processed_Dataset/segmentation/masks\ISIC_0010206_segmentation.png
Processed_Dataset/segmentation/images\ISIC_0000277.jpg,Processed_Dataset/segmentation/masks\ISIC_0000277_segmentation.png
Processed_Dataset/segmentation/images\ISIC_0012278.jpg,Processed_Dataset/segmentation/masks\ISIC_0012278_segmentation.png
Processed_Dataset/segmentation/images\ISIC_0012256.jpg,Processed_Dataset/segmentation/masks\ISIC_0012256_segmentation.png
Processed_Dataset/segmentation/images\ISIC_0000474.jpg,Processed_Dataset/segmentation/masks\ISIC_0000474_segmentation.png
Processed_Dataset/segmentation/images\ISIC_0010236.jpg,Processed_Dataset/segmentation/masks\ISIC_0010236_segmentation.png
Processed_Dataset/segmentation/images\ISIC_0000243.jpg,Processed_Dataset/segmentation/masks\ISIC_0000243_segmentation.png
Processed_Dataset/segmentation/images\ISIC_0009564.jpg,Processed_Dataset/segmentation/masks\ISIC_0009564_segmentation.png
Processed_Dataset/segmentation/images\ISIC_0000001.jpg,Processed_Dataset/segmentation/masks\ISIC_0000001_segmentation.png
Processed_Dataset/segmentation/images\ISIC_0000124.jpg,Processed_Dataset/segmentation/masks\ISIC_0000124_segmentation.png
Processed_Dataset/segmentation/images\ISIC_0009943.jpg,Processed_Dataset/segmentation/masks\ISIC_0009943_segmentation.png
Processed_Dataset/segmentation/images\ISIC_0012298.jpg,Processed_Dataset/segmentation/masks\ISIC_0012298_segmentation.png
Processed_Dataset/segmentation/images\ISIC_0010487.jpg,Processed_Dataset/segmentation/masks\ISIC_0010487_segmentation.png
Processed_Dataset/segmentation/images\ISIC_0012335.jpg,Processed_Dataset/segmentation/masks\ISIC_0012335_segmentation.png
Processed_Dataset/segmentation/images\ISIC_0012233.jpg,Processed_Dataset/segmentation/masks\ISIC_0012233_segmentation.png
Processed_Dataset/segmentation/images\ISIC_0000538.jpg,Processed_Dataset/segmentation/masks\ISIC_0000538_segmentation.png
Processed_Dataset/segmentation/images\ISIC_0011348.jpg,Processed_Dataset/segmentation/masks\ISIC_0011348_segmentation.png
Processed_Dataset/segmentation/images\ISIC_0009896.jpg,Processed_Dataset/segmentation/masks\ISIC_0009896_segmentation.png
Processed_Dataset/segmentation/images\ISIC_0012173.jpg,Processed_Dataset/segmentation/masks\ISIC_0012173_segmentation.png
Processed_Dataset/segmentation/images\ISIC_0000368.jpg,Processed_Dataset/segmentation/masks\ISIC_0000368_segmentation.png
Processed_Dataset/segmentation/images\ISIC_0009869.jpg,Processed_Dataset/segmentation/masks\ISIC_0009869_segmentation.png
Processed_Dataset/segmentation/images\ISIC_0009955.jpg,Processed_Dataset/segmentation/masks\ISIC_0009955_segmentation.png
Processed_Dataset/segmentation/images\ISIC_0010571.jpg,Processed_Dataset/segmentation/masks\ISIC_0010571_segmentation.png
Processed_Dataset/segmentation/images\ISIC_0009035.jpg,Processed_Dataset/segmentation/masks\ISIC_0009035_segmentation.png
Processed_Dataset/segmentation/images\ISIC_0009188.jpg,Processed_Dataset/segmentation/masks\ISIC_0009188_segmentation.png
Processed_Dataset/segmentation/images\ISIC_0012358.jpg,Processed_Dataset/segmentation/masks\ISIC_0012358_segmentation.png
Processed_Dataset/segmentation/images\ISIC_0012206.jpg,Processed_Dataset/segmentation/masks\ISIC_0012206_segmentation.png
Processed_Dataset/segmentation/images\ISIC_0010075.jpg,Processed_Dataset/segmentation/masks\ISIC_0010075_segmentation.png
Processed_Dataset/segmentation/images\ISIC_0009800.jpg,Processed_Dataset/segmentation/masks\ISIC_0009800_segmentation.png
Processed_Dataset/segmentation/images\ISIC_0010861.jpg,Processed_Dataset/segmentation/masks\ISIC_0010861_segmentation.png
Processed_Dataset/segmentation/images\ISIC_0004309.jpg,Processed_Dataset/segmentation/masks\ISIC_0004309_segmentation.png
Processed_Dataset/segmentation/images\ISIC_0009925.jpg,Processed_Dataset/segmentation/masks\ISIC_0009925_segmentation.png
Processed_Dataset/segmentation/images\ISIC_0006711.jpg,Processed_Dataset/segmentation/masks\ISIC_0006711_segmentation.png
Processed_Dataset/segmentation/images\ISIC_0011298.jpg,Processed_Dataset/segmentation/masks\ISIC_0011298_segmentation.png
Processed_Dataset/segmentation/images\ISIC_0002469.jpg,Processed_Dataset/segmentation/masks\ISIC_0002469_segmentation.png
Processed_Dataset/segmentation/images\ISIC_0011146.jpg,Processed_Dataset/segmentation/masks\ISIC_0011146_segmentation.png
Processed_Dataset/segmentation/images\ISIC_0002976.jpg,Processed_Dataset/segmentation/masks\ISIC_0002976_segmentation.png
Processed_Dataset/segmentation/images\ISIC_0010010.jpg,Processed_Dataset/segmentation/masks\ISIC_0010010_segmentation.png
Processed_Dataset/segmentation/images\ISIC_0012210.jpg,Processed_Dataset/segmentation/masks\ISIC_0012210_segmentation.png
Processed_Dataset/segmentation/images\ISIC_0001191.jpg,Processed_Dataset/segmentation/masks\ISIC_0001191_segmentation.png
Processed_Dataset/segmentation/images\ISIC_0000104.jpg,Processed_Dataset/segmentation/masks\ISIC_0000104_segmentation.png
Processed_Dataset/segmentation/images\ISIC_0011084.jpg,Processed_Dataset/segmentation/masks\ISIC_0011084_segmentation.png
Processed_Dataset/segmentation/images\ISIC_0005247.jpg,Processed_Dataset/segmentation/masks\ISIC_0005247_segmentation.png
Processed_Dataset/segmentation/images\ISIC_0010000.jpg,Processed_Dataset/segmentation/masks\ISIC_0010000_segmentation.png
Processed_Dataset/segmentation/images\ISIC_0010249.jpg,Processed_Dataset/segmentation/masks\ISIC_0010249_segmentation.png
Processed_Dataset/segmentation/images\ISIC_0010339.jpg,Processed_Dataset/segmentation/masks\ISIC_0010339_segmentation.png
Processed_Dataset/segmentation/images\ISIC_0011114.jpg,Processed_Dataset/segmentation/masks\ISIC_0011114_segmentation.png
Processed_Dataset/segmentation/images\ISIC_0000227.jpg,Processed_Dataset/segmentation/masks\ISIC_0000227_segmentation.png
Processed_Dataset/segmentation/images\ISIC_0000484.jpg,Processed_Dataset/segmentation/masks\ISIC_0000484_segmentation.png
Processed_Dataset/segmentation/images\ISIC_0010074.jpg,Processed_Dataset/segmentation/masks\ISIC_0010074_segmentation.png
Processed_Dataset/segmentation/images\ISIC_0010263.jpg,Processed_Dataset/segmentation/masks\ISIC_0010263_segmentation.png
Processed_Dataset/segmentation/images\ISIC_0000489.jpg,Processed_Dataset/segmentation/masks\ISIC_0000489_segmentation.png
Processed_Dataset/segmentation/images\ISIC_0010034.jpg,Processed_Dataset/segmentation/masks\ISIC_0010034_segmentation.png
Processed_Dataset/segmentation/images\ISIC_0012182.jpg,Processed_Dataset/segmentation/masks\ISIC_0012182_segmentation.png
Processed_Dataset/segmentation/images\ISIC_0011098.jpg,Processed_Dataset/segmentation/masks\ISIC_0011098_segmentation.png
Processed_Dataset/segmentation/images\ISIC_0009583.jpg,Processed_Dataset/segmentation/masks\ISIC_0009583_segmentation.png
Processed_Dataset/segmentation/images\ISIC_0008507.jpg,Processed_Dataset/segmentation/masks\ISIC_0008507_segmentation.png
Processed_Dataset/segmentation/images\ISIC_0010552.jpg,Processed_Dataset/segmentation/masks\ISIC_0010552_segmentation.png
Processed_Dataset/segmentation/images\ISIC_0009975.jpg,Processed_Dataset/segmentation/masks\ISIC_0009975_segmentation.png
Processed_Dataset/segmentation/images\ISIC_0009928.jpg,Processed_Dataset/segmentation/masks\ISIC_0009928_segmentation.png
Processed_Dataset/segmentation/images\ISIC_0000108.jpg,Processed_Dataset/segmentation/masks\ISIC_0000108_segmentation.png
Processed_Dataset/segmentation/images\ISIC_0010093.jpg,Processed_Dataset/segmentation/masks\ISIC_0010093_segmentation.png
Processed_Dataset/segmentation/images\ISIC_0000499.jpg,Processed_Dataset/segmentation/masks\ISIC_0000499_segmentation.png
Processed_Dataset/segmentation/images\ISIC_0001374.jpg,Processed_Dataset/segmentation/masks\ISIC_0001374_segmentation.png
Processed_Dataset/segmentation/images\ISIC_0011164.jpg,Processed_Dataset/segmentation/masks\ISIC_0011164_segmentation.png
Processed_Dataset/segmentation/images\ISIC_0011140.jpg,Processed_Dataset/segmentation/masks\ISIC_0011140_segmentation.png
Processed_Dataset/segmentation/images\ISIC_0010455.jpg,Processed_Dataset/segmentation/masks\ISIC_0010455_segmentation.png
Processed_Dataset/segmentation/images\ISIC_0010056.jpg,Processed_Dataset/segmentation/masks\ISIC_0010056_segmentation.png
Processed_Dataset/segmentation/images\ISIC_0000221.jpg,Processed_Dataset/segmentation/masks\ISIC_0000221_segmentation.png
Processed_Dataset/segmentation/images\ISIC_0000148.jpg,Processed_Dataset/segmentation/masks\ISIC_0000148_segmentation.png
Processed_Dataset/segmentation/images\ISIC_0011131.jpg,Processed_Dataset/segmentation/masks\ISIC_0011131_segmentation.png
Processed_Dataset/segmentation/images\ISIC_0000044.jpg,Processed_Dataset/segmentation/masks\ISIC_0000044_segmentation.png
Processed_Dataset/segmentation/images\ISIC_0011081.jpg,Processed_Dataset/segmentation/masks\ISIC_0011081_segmentation.png
Processed_Dataset/segmentation/images\ISIC_0000255.jpg,Processed_Dataset/segmentation/masks\ISIC_0000255_segmentation.png
Processed_Dataset/segmentation/images\ISIC_0000465.jpg,Processed_Dataset/segmentation/masks\ISIC_0000465_segmentation.png
Processed_Dataset/segmentation/images\ISIC_0000336.jpg,Processed_Dataset/segmentation/masks\ISIC_0000336_segmentation.png
Processed_Dataset/segmentation/images\ISIC_0000513.jpg,Processed_Dataset/segmentation/masks\ISIC_0000513_segmentation.png
Processed_Dataset/segmentation/images\ISIC_0000483.jpg,Processed_Dataset/segmentation/masks\ISIC_0000483_segmentation.png
Processed_Dataset/segmentation/images\ISIC_0007344.jpg,Processed_Dataset/segmentation/masks\ISIC_0007344_segmentation.png
Processed_Dataset/segmentation/images\ISIC_0011397.jpg,Processed_Dataset/segmentation/masks\ISIC_0011397_segmentation.png
Processed_Dataset/segmentation/images\ISIC_0011205.jpg,Processed_Dataset/segmentation/masks\ISIC_0011205_segmentation.png
Processed_Dataset/segmentation/images\ISIC_0009868.jpg,Processed_Dataset/segmentation/masks\ISIC_0009868_segmentation.png
Processed_Dataset/segmentation/images\ISIC_0011374.jpg,Processed_Dataset/segmentation/masks\ISIC_0011374_segmentation.png
Processed_Dataset/segmentation/images\ISIC_0002438.jpg,Processed_Dataset/segmentation/masks\ISIC_0002438_segmentation.png
Processed_Dataset/segmentation/images\ISIC_0000068.jpg,Processed_Dataset/segmentation/masks\ISIC_0000068_segmentation.png
Processed_Dataset/segmentation/images\ISIC_0000017.jpg,Processed_Dataset/segmentation/masks\ISIC_0000017_segmentation.png
Processed_Dataset/segmentation/images\ISIC_0012126.jpg,Processed_Dataset/segmentation/masks\ISIC_0012126_segmentation.png
Processed_Dataset/segmentation/images\ISIC_0011156.jpg,Processed_Dataset/segmentation/masks\ISIC_0011156_segmentation.png
Processed_Dataset/segmentation/images\ISIC_0001262.jpg,Processed_Dataset/segmentation/masks\ISIC_0001262_segmentation.png
Processed_Dataset/segmentation/images\ISIC_0000466.jpg,Processed_Dataset/segmentation/masks\ISIC_0000466_segmentation.png
Processed_Dataset/segmentation/images\ISIC_0000208.jpg,Processed_Dataset/segmentation/masks\ISIC_0000208_segmentation.png
Processed_Dataset/segmentation/images\ISIC_0010028.jpg,Processed_Dataset/segmentation/masks\ISIC_0010028_segmentation.png
Processed_Dataset/segmentation/images\ISIC_0000239.jpg,Processed_Dataset/segmentation/masks\ISIC_0000239_segmentation.png
Processed_Dataset/segmentation/images\ISIC_0010070.jpg,Processed_Dataset/segmentation/masks\ISIC_0010070_segmentation.png
Processed_Dataset/segmentation/images\ISIC_0011169.jpg,Processed_Dataset/segmentation/masks\ISIC_0011169_segmentation.png
Processed_Dataset/segmentation/images\ISIC_0010321.jpg,Processed_Dataset/segmentation/masks\ISIC_0010321_segmentation.png
Processed_Dataset/segmentation/images\ISIC_0000393.jpg,Processed_Dataset/segmentation/masks\ISIC_0000393_segmentation.png
Processed_Dataset/segmentation/images\ISIC_0009969.jpg,Processed_Dataset/segmentation/masks\ISIC_0009969_segmentation.png
Processed_Dataset/segmentation/images\ISIC_0000343.jpg,Processed_Dataset/segmentation/masks\ISIC_0000343_segmentation.png
Processed_Dataset/segmentation/images\ISIC_0011079.jpg,Processed_Dataset/segmentation/masks\ISIC_0011079_segmentation.png
Processed_Dataset/segmentation/images\ISIC_0000554.jpg,Processed_Dataset/segmentation/masks\ISIC_0000554_segmentation.png
Processed_Dataset/segmentation/images\ISIC_0010175.jpg,Processed_Dataset/segmentation/masks\ISIC_0010175_segmentation.png
Processed_Dataset/segmentation/images\ISIC_0000313.jpg,Processed_Dataset/segmentation/masks\ISIC_0000313_segmentation.png
Processed_Dataset/segmentation/images\ISIC_0010605.jpg,Processed_Dataset/segmentation/masks\ISIC_0010605_segmentation.png
Processed_Dataset/segmentation/images\ISIC_0000222.jpg,Processed_Dataset/segmentation/masks\ISIC_0000222_segmentation.png
Processed_Dataset/segmentation/images\ISIC_0000179.jpg,Processed_Dataset/segmentation/masks\ISIC_0000179_segmentation.png
Processed_Dataset/segmentation/images\ISIC_0009979.jpg,Processed_Dataset/segmentation/masks\ISIC_0009979_segmentation.png
Processed_Dataset/segmentation/images\ISIC_0000493.jpg,Processed_Dataset/segmentation/masks\ISIC_0000493_segmentation.png
Processed_Dataset/segmentation/images\ISIC_0009947.jpg,Processed_Dataset/segmentation/masks\ISIC_0009947_segmentation.png
Processed_Dataset/segmentation/images\ISIC_0011338.jpg,Processed_Dataset/segmentation/masks\ISIC_0011338_segmentation.png
Processed_Dataset/segmentation/images\ISIC_0005555.jpg,Processed_Dataset/segmentation/masks\ISIC_0005555_segmentation.png
Processed_Dataset/segmentation/images\ISIC_0011085.jpg,Processed_Dataset/segmentation/masks\ISIC_0011085_segmentation.png
Processed_Dataset/segmentation/images\ISIC_0011092.jpg,Processed_Dataset/segmentation/masks\ISIC_0011092_segmentation.png
Processed_Dataset/segmentation/images\ISIC_0011292.jpg,Processed_Dataset/segmentation/masks\ISIC_0011292_segmentation.png
Processed_Dataset/segmentation/images\ISIC_0000226.jpg,Processed_Dataset/segmentation/masks\ISIC_0000226_segmentation.png
Processed_Dataset/segmentation/images\ISIC_0000038.jpg,Processed_Dataset/segmentation/masks\ISIC_0000038_segmentation.png
Processed_Dataset/segmentation/images\ISIC_0010047.jpg,Processed_Dataset/segmentation/masks\ISIC_0010047_segmentation.png
Processed_Dataset/segmentation/images\ISIC_0001769.jpg,Processed_Dataset/segmentation/masks\ISIC_0001769_segmentation.png
Processed_Dataset/segmentation/images\ISIC_0012391.jpg,Processed_Dataset/segmentation/masks\ISIC_0012391_segmentation.png
Processed_Dataset/segmentation/images\ISIC_0000100.jpg,Processed_Dataset/segmentation/masks\ISIC_0000100_segmentation.png
Processed_Dataset/segmentation/images\ISIC_0010347.jpg,Processed_Dataset/segmentation/masks\ISIC_0010347_segmentation.png
Processed_Dataset/segmentation/images\ISIC_0005548.jpg,Processed_Dataset/segmentation/masks\ISIC_0005548_segmentation.png
Processed_Dataset/segmentation/images\ISIC_0010053.jpg,Processed_Dataset/segmentation/masks\ISIC_0010053_segmentation.png
Processed_Dataset/segmentation/images\ISIC_0000269.jpg,Processed_Dataset/segmentation/masks\ISIC_0000269_segmentation.png
Processed_Dataset/segmentation/images\ISIC_0000016.jpg,Processed_Dataset/segmentation/masks\ISIC_0000016_segmentation.png
Processed_Dataset/segmentation/images\ISIC_0000366.jpg,Processed_Dataset/segmentation/masks\ISIC_0000366_segmentation.png
Processed_Dataset/segmentation/images\ISIC_0008029.jpg,Processed_Dataset/segmentation/masks\ISIC_0008029_segmentation.png
Processed_Dataset/segmentation/images\ISIC_0000479.jpg,Processed_Dataset/segmentation/masks\ISIC_0000479_segmentation.png
Processed_Dataset/segmentation/images\ISIC_0000185.jpg,Processed_Dataset/segmentation/masks\ISIC_0000185_segmentation.png
Processed_Dataset/segmentation/images\ISIC_0010216.jpg,Processed_Dataset/segmentation/masks\ISIC_0010216_segmentation.png
Processed_Dataset/segmentation/images\ISIC_0000023.jpg,Processed_Dataset/segmentation/masks\ISIC_0000023_segmentation.png
Processed_Dataset/segmentation/images\ISIC_0009860.jpg,Processed_Dataset/segmentation/masks\ISIC_0009860_segmentation.png
Processed_Dataset/segmentation/images\ISIC_0011382.jpg,Processed_Dataset/segmentation/masks\ISIC_0011382_segmentation.png
Processed_Dataset/segmentation/images\ISIC_0010201.jpg,Processed_Dataset/segmentation/masks\ISIC_0010201_segmentation.png
Processed_Dataset/segmentation/images\ISIC_0012332.jpg,Processed_Dataset/segmentation/masks\ISIC_0012332_segmentation.png
Processed_Dataset/segmentation/images\ISIC_0005187.jpg,Processed_Dataset/segmentation/masks\ISIC_0005187_segmentation.png
Processed_Dataset/segmentation/images\ISIC_0012357.jpg,Processed_Dataset/segmentation/masks\ISIC_0012357_segmentation.png
Processed_Dataset/segmentation/images\ISIC_0009931.jpg,Processed_Dataset/segmentation/masks\ISIC_0009931_segmentation.png
Processed_Dataset/segmentation/images\ISIC_0010496.jpg,Processed_Dataset/segmentation/masks\ISIC_0010496_segmentation.png
Processed_Dataset/segmentation/images\ISIC_0000210.jpg,Processed_Dataset/segmentation/masks\ISIC_0000210_segmentation.png
Processed_Dataset/segmentation/images\ISIC_0010574.jpg,Processed_Dataset/segmentation/masks\ISIC_0010574_segmentation.png
Processed_Dataset/segmentation/images\ISIC_0009944.jpg,Processed_Dataset/segmentation/masks\ISIC_0009944_segmentation.png
Processed_Dataset/segmentation/images\ISIC_0001871.jpg,Processed_Dataset/segmentation/masks\ISIC_0001871_segmentation.png
Processed_Dataset/segmentation/images\ISIC_0011199.jpg,Processed_Dataset/segmentation/masks\ISIC_0011199_segmentation.png
Processed_Dataset/segmentation/images\ISIC_0001142.jpg,Processed_Dataset/segmentation/masks\ISIC_0001142_segmentation.png
Processed_Dataset/segmentation/images\ISIC_0010238.jpg,Processed_Dataset/segmentation/masks\ISIC_0010238_segmentation.png
Processed_Dataset/segmentation/images\ISIC_0010009.jpg,Processed_Dataset/segmentation/masks\ISIC_0010009_segmentation.png
Processed_Dataset/segmentation/images\ISIC_0000287.jpg,Processed_Dataset/segmentation/masks\ISIC_0000287_segmentation.png
Processed_Dataset/segmentation/images\ISIC_0000024.jpg,Processed_Dataset/segmentation/masks\ISIC_0000024_segmentation.png
Processed_Dataset/segmentation/images\ISIC_0000900.jpg,Processed_Dataset/segmentation/masks\ISIC_0000900_segmentation.png
Processed_Dataset/segmentation/images\ISIC_0012136.jpg,Processed_Dataset/segmentation/masks\ISIC_0012136_segmentation.png
Processed_Dataset/segmentation/images\ISIC_0000321.jpg,Processed_Dataset/segmentation/masks\ISIC_0000321_segmentation.png
Processed_Dataset/segmentation/images\ISIC_0010493.jpg,Processed_Dataset/segmentation/masks\ISIC_0010493_segmentation.png
Processed_Dataset/segmentation/images\ISIC_0012216.jpg,Processed_Dataset/segmentation/masks\ISIC_0012216_segmentation.png
Processed_Dataset/segmentation/images\ISIC_0000476.jpg,Processed_Dataset/segmentation/masks\ISIC_0000476_segmentation.png
Processed_Dataset/segmentation/images\ISIC_0010094.jpg,Processed_Dataset/segmentation/masks\ISIC_0010094_segmentation.png
Processed_Dataset/segmentation/images\ISIC_0000408.jpg,Processed_Dataset/segmentation/masks\ISIC_0000408_segmentation.png
Processed_Dataset/segmentation/images\ISIC_0010038.jpg,Processed_Dataset/segmentation/masks\ISIC_0010038_segmentation.png
Processed_Dataset/segmentation/images\ISIC_0000143.jpg,Processed_Dataset/segmentation/masks\ISIC_0000143_segmentation.png
Processed_Dataset/segmentation/images\ISIC_0010264.jpg,Processed_Dataset/segmentation/masks\ISIC_0010264_segmentation.png
Processed_Dataset/segmentation/images\ISIC_0011328.jpg,Processed_Dataset/segmentation/masks\ISIC_0011328_segmentation.png
Processed_Dataset/segmentation/images\ISIC_0000096.jpg,Processed_Dataset/segmentation/masks\ISIC_0000096_segmentation.png
Processed_Dataset/segmentation/images\ISIC_0000385.jpg,Processed_Dataset/segmentation/masks\ISIC_0000385_segmentation.png
Processed_Dataset/segmentation/images\ISIC_0012263.jpg,Processed_Dataset/segmentation/masks\ISIC_0012263_segmentation.png
Processed_Dataset/segmentation/images\ISIC_0001118.jpg,Processed_Dataset/segmentation/masks\ISIC_0001118_segmentation.png
Processed_Dataset/segmentation/images\ISIC_0000134.jpg,Processed_Dataset/segmentation/masks\ISIC_0000134_segmentation.png
Processed_Dataset/segmentation/images\ISIC_0011121.jpg,Processed_Dataset/segmentation/masks\ISIC_0011121_segmentation.png
Processed_Dataset/segmentation/images\ISIC_0011219.jpg,Processed_Dataset/segmentation/masks\ISIC_0011219_segmentation.png
Processed_Dataset/segmentation/images\ISIC_0011339.jpg,Processed_Dataset/segmentation/masks\ISIC_0011339_segmentation.png
Processed_Dataset/segmentation/images\ISIC_0012413.jpg,Processed_Dataset/segmentation/masks\ISIC_0012413_segmentation.png
Processed_Dataset/segmentation/images\ISIC_0010244.jpg,Processed_Dataset/segmentation/masks\ISIC_0010244_segmentation.png
Processed_Dataset/segmentation/images\ISIC_0011333.jpg,Processed_Dataset/segmentation/masks\ISIC_0011333_segmentation.png
